prd_company,num_movies,com_dom_bo,com_wrld_bo,com_dom_power,com_wrld_power
Warner Bros.,240,18794567812,43565575875,3.88412894641552,9.00336288740349
Columbia Pictures,234,18125160061,40846061401,3.74578758902852,8.44134172286705
Universal Pictures,239,17582725036,42395375983,3.63368670949636,8.7615266654124
Walt Disney Pictures,126,15746091331,38264201563,3.25412373103839,7.90776858446476
Marvel Studios,61,12978459542,33726541326,2.68215853065687,6.97000520241576
Paramount Pictures,143,12046260016,28562774128,2.48950801594487,5.90284910460451
20th Century Fox,105,9991847626,25080590608,2.06493838967345,5.18321298729367
Relativity Media,116,7262861915,15176714944,1.50095987734599,3.13645508719013
DreamWorks Pictures,82,6698128458,13353758516,1.38425075217299,2.75971868649843
Legendary Pictures,60,6310074576,16262572703,1.3040546374806,3.36086096848573
Dune Entertainment,70,6307177998,16498964652,1.30345602395738,3.40971427657959
New Line Cinema,106,6175853720,14124239821,1.27631624428012,2.91894813882517
Disney-Pixar,24,6013201814,14408668663,1.24270222438865,2.97772886256718
Amblin Entertainment,63,5955058398,14584849735,1.23068617127223,3.01413885126236
Regency Enterprises,144,5946181275,12940317968,1.2288516044575,2.67427610456881
DreamWorks Animation,45,5658598565,15207820818,1.16941909504452,3.14288349920873
Lucasfilm,23,5657196560,11627844246,1.16912935344162,2.40303724310507
Village Roadshow Productions,77,5635843271,13410480466,1.16471643324384,2.77144097615659
Lionsgate,160,5060237359,9731795306,1.04576038132018,2.0111953744683
Metro-Goldwyn-Mayer Pictures,94,5043904211,12168318327,1.04238493509724,2.51473286940508
Touchstone Pictures,65,4308703316,8280684053,0.890446614074667,1.71130535951154
RatPac Entertainment,46,3963515749,10006907270,0.819109351396491,2.06805065060801
Walt Disney Animation Studios,23,3760542473,10196517291,0.777162423723218,2.10723589702939
Heyday Films,25,3516213744,11024384106,0.726668882278551,2.27832477186189
Summit Entertainment,71,3360966881,8459459104,0.694585205736998,1.74825142591923
Jerry Bruckheimer,21,3100355178,7379881917,0.640726587144521,1.52514350219037
Bad Robot,20,3053464843,7137287554,0.631036121830159,1.47500838884321
di Bonaventura Pictures,31,2741315020,7607033196,0.5665265159025,1.57208711200384
Fox 2000 Pictures,50,2656928451,5740837222,0.549086991960251,1.18641472651437
Illumination Entertainment,12,2610573965,6720546862,0.539507266442229,1.38888379150541
Imagine Entertainment,52,2608296276,5306355476,0.539036553954221,1.0966237218364
TSG Entertainment,44,2512954785,6950270036,0.519333060439937,1.43635891510076
Original Film,34,2490233612,7259811012,0.514637450164213,1.50032937066057
1492 Pictures,22,2473204496,6163030266,0.511118173581261,1.27366611955405
The Kennedy/Marshall Company,30,2445568419,5831950961,0.505406837853044,1.20524450300118
Working Title Films,95,2428184266,7757877817,0.501814188500762,1.60326101101007
Blumhouse,101,2364384903,4479478035,0.48862926426787,0.925739313327925
Happy Madison,35,2338633161,3907145972,0.483307349578298,0.807459842626787
Spyglass Entertainment,30,2311618021,4392491384,0.477724338129721,0.907762450413039
Perfect World Pictures,35,2286266774,5976885742,0.472485190665124,1.23519706077508
Twentieth Century Fox,42,2201798396,5694313297,0.455028759885317,1.17679998433988
Scott Rudin Productions,43,2135382420,3737293531,0.441303080345012,0.772357743482681
Temple Hill Entertainment,32,2079270207,5039635391,0.429706800348535,1.04150273086169
Skydance Productions,26,2045149516,5912612916,0.422655339260923,1.22191428958121
Wingnut Films,12,2026409907,6308739568,0.41878256822998,1.30377874163301
Silver Pictures,34,2019545469,4464395953,0.417363947562382,0.922622415304284
Syncopy,7,1945132877,4783164222,0.401985668824817,0.988499804622656
PDI,9,1938568463,4842419002,0.40062905181246,1.00074553479925
Tri-Star Pictures,48,1926572052,3735131772,0.398149845709702,0.771910989357177
New Regency,61,1913138282,4449958780,0.395373591664469,0.919638795669364
Eon Productions,25,1907784162,6355644336,0.394267096815393,1.31347218970461
Chernin Entertainment,23,1893920161,4629561720,0.391401930234502,0.956755955536692
Castle Rock Entertainment,52,1863515133,3090732456,0.385118356674701,0.638737933112283
Donnersâ€™ Company,15,1797626246,4551841242,0.371501606568832,0.940694061411289
Color Force,12,1780595298,3471298525,0.367981951380514,0.717386599014708
Revolution Studios,35,1764350680,3128746630,0.364624800972566,0.64659403042106
Hasbro Studios,14,1755071351,4913495236,0.36270711333363,1.01543431405947
Sony Pictures Animation,23,1752216821,4878307872,0.362117189547549,1.00816241185732
Screen Gems,51,1728355172,3359100865,0.35718588585825,0.694199570545352
Walden Media,34,1726270472,4133489638,0.356755056924295,0.85423654926577
Overbrook Entertainment,21,1712188850,3843172158,0.353844916283138,0.794238865945889
Fairview Entertainment,6,1670469187,4048363213,0.345223034028972,0.83664412496771
Atlas Entertainment,17,1668697466,4473519540,0.344856886060585,0.924507916940518
Chris Meledandri,7,1642848674,3713732726,0.33951491479307,0.767488612911723
Sunswept Entertainment,15,1632914506,3926522745,0.337461896608596,0.8114642914468
Scott Free Films,46,1618885942,4149223476,0.334562721056698,0.857488140695023
Participant Media,88,1600372784,3193365351,0.330736748914287,0.659948285077354
Mandeville Films,25,1599408407,3213497058,0.330537448528217,0.664108750307607
Ingenious Media,55,1595869296,4411211872,0.329806047645942,0.911631269853803
Zancuk Company,12,1587742375,3834857681,0.328126519315358,0.792520576857625
Davis Entertainment,41,1554093343,3735103647,0.321172532369906,0.771905176979489
Blue Sky Studios,15,1544310788,5037974794,0.319150846879424,1.04115954803671
Vertigo Entertainment,30,1530455862,2991790269,0.316287555759067,0.618290311416881
Ingenious Film Partners,16,1509413779,5050005693,0.311938950114568,1.04364588150948
LStar Capital,24,1505003967,3697999660,0.311027608145506,0.76423718102578
Brian Grazer Productions,18,1483055356,3438965595,0.306491657323361,0.710704600759061
Cruel and Unusual Films,6,1449982257,3918146586,0.299656694026596,0.809733255013448
Roth Films,11,1419041127,3910858138,0.293262328384888,0.808227007456472
Fox Searchlight Pictures,77,1351768922,3130485255,0.279359698574861,0.646953338693376
Kinberg Genre,10,1309850196,3702252576,0.270696677499723,0.765116098503825
Focus Features,63,1288181845,2884483796,0.266218645858769,0.596114106989826
Weinstein Company,41,1270411701,3080123244,0.262546226711769,0.63654540877014
Laura Ziskin Productions,5,1255649324,2720363069,0.259495399664446,0.562196537146031
Canal Plus,203,1246516867,4577060143,0.257608064933453,0.945905857944771
GK Films,17,1239325149,3469165646,0.256121807822479,0.716945813296943
Plan B Entertainment,31,1236011273,2950728813,0.255436954527358,0.609804455746939
Centropolis Entertainment,14,1229431531,3609383037,0.254077169794994,0.745923464319396
Malpaso Productions,17,1205270883,2033620503,0.249084074279329,0.420272726712189
One Race Films,11,1141774168,4747567486,0.2359616959836,0.98114330065414
The Safran Company,21,1140105358,3405508317,0.235616815841002,0.7037902421397
Gary Sanchez Productions,21,1108845084,1673245658,0.229156495160536,0.345796825961186
Alcon Entertainment,27,1108369331,1971505743,0.229058174942847,0.40743594643988
Cruise-Wagner,7,1107923624,3031872684,0.228966064101159,0.626573836204524
Judd Apatow,12,1086897505,1466591714,0.224620757613902,0.303089242907915
United Artists,24,1075236299,2908791381,0.222210825753389,0.601137568846484
Lakeshore Entertainment,40,1072009577,2175013614,0.221543983905915,0.449493354754947
Parkes+Macdonald Productions,17,1070293747,2714944995,0.221189386501133,0.561076825415081
Dentsu Inc.,15,1062434079,4013780054,0.219565089294973,0.829497089171301
Bad Hat Harry Productions,8,1041487477,2735381962,0.215236215975242,0.565300376384471
21 Laps Entertainment,29,1037686605,2301356684,0.214450718957993,0.475603706441389
Mosaic Media,16,1014350243,1718249969,0.209627972297633,0.355097521184248
Escape Artists,22,1009887490,1954606972,0.208705689418803,0.403943607256745
Platinum Dunes,16,1008125530,1895359344,0.208341558681301,0.391699355129046
ImageMovers,13,1007026636,1954852025,0.208114458700224,0.403994250477713
Millennium Films,47,1004847388,2541286974,0.207664090257444,0.525188256287534
Tencent Pictures,11,998413291,2928358030,0.206334404858358,0.605181257880756
Blinding Edge Pictures,9,986141569,2180968377,0.20379830234622,0.450723979878584
Marc Platt Productions,26,974437094,2173520575,0.201379428413877,0.449184799854614
Lightstorm Entertainment,7,968579680,3241940864,0.200168921660218,0.669987013183133
Tribeca Film,34,967941549,2433254553,0.200037044028686,0.502862025764184
Matt Tolmach Productions,7,949217093,2646752284,0.196167404551845,0.546983961701528
Thunder Road Film,24,948759982,2228376276,0.196072936933085,0.460521406168806
Bluegrass Films,16,947131337,2111838570,0.195736357382482,0.436437453733653
Pascal Pictures,11,944268258,2640995329,0.195144666840246,0.545794216037654
Nickelodeon Films,18,928527878,1777623227,0.19189172342611,0.367367736298935
Weed Road Pictures,16,906715071,2289707152,0.187383838173373,0.473196187156774
20th Century Fox Animation,11,902509153,2649597016,0.186514633410941,0.547571860610219
Gold Circle Films,38,897525993,1491010993,0.185484802015283,0.308135787705499
MRC,7,897461999,2600743315,0.185471576866917,0.537475641527572
Reliance Entertainment,28,881190791,1989123210,0.182108931307938,0.411076813004182
Playtone,16,875269950,2080480497,0.180885316583446,0.429956921685167
StudioCanal,109,871833790,3737174168,0.180175191793452,0.77233307564844
Lin Pictures,5,867646434,1707311714,0.179309823096963,0.352836996053064
Everyman Pictures,8,838616955,1444592839,0.173310523681774,0.298542904411026
Annapurna Pictures,33,832435590,1361127508,0.172033068463595,0.28129376564912
Imprint Entertainment,9,821378602,1827559077,0.169748005695429,0.377687594802147
EuropaCorp,31,816941893,2384179311,0.168831105130005,0.492720022504985
De Line Pictures,12,806456341,1713385180,0.166664136650084,0.354092152613813
Hollywood Pictures,15,804897397,1666392590,0.166341961669696,0.344380555044142
Green Hat Films,5,799257788,1728995694,0.165176467002169,0.357318257619383
Jersey Films,21,782151943,1265606455,0.161641333426233,0.261553163435724
Don Simpson,6,778638973,1438856298,0.160915334903608,0.297357377551708
Seven Bucks Productions,10,770872787,2499506813,0.159310356904242,0.516553871376465
MTV Films,18,768710310,1166035559,0.158863454395194,0.240975611281149
Michael De Luca,15,768277345,2205561065,0.15877397684476,0.455806361782039
Mandate Pictures,20,765916964,1203285029,0.158286175036366,0.248673673088841
Jerry Bruckheimer Films,8,765130896,2059041531,0.158123724401524,0.425526295279985
Bron Creative,17,761793827,1704445226,0.157434077987265,0.352244600998987
Icon Productions,11,752171349,1306901318,0.155445474380633,0.27008725553728
Mace Neufeld,9,748460578,1420638155,0.154678597844881,0.293592373892989
Miramax Films,38,747438293,1602076334,0.15446733005731,0.331088808505806
Appian Way,21,730273929,1896756370,0.150920102809198,0.391988067760258
Big Screen Prods,11,726109547,2285877791,0.150059481972799,0.472404802536752
Gil Netter Productions,10,713631673,1477675966,0.147480775610518,0.305379940117514
Red Hour Productions,21,703899231,1191352215,0.145469446588769,0.246207610089509
Benderspink Productions,14,685402199,1182032324,0.141646807082895,0.244281539813638
Point Grey,12,683613796,1041048769,0.141277211573722,0.215145551563117
Warner Animation Group,15,682301274,1354499072,0.141005962735015,0.279923917701851
Alphaville,7,678508753,1685520591,0.140222191554782,0.348333592066027
Dimension Films,25,676013253,1286063958,0.139706465740667,0.265780958422472
Rideback,6,672958952,1711622208,0.139075256816693,0.353727812734045
Will Packer Productions,16,664565659,801293202,0.137340679431187,0.165597110377128
Bagdasarian Company,4,655935962,1404694725,0.1355572462471,0.29029746769522
Don Murphy,2,647550946,1940573771,0.133824379405599,0.401043473411679
Tom DeSanto,2,647550946,1940573771,0.133824379405599,0.401043473411679
NPV Entertainment,5,641119275,1530143484,0.132495195369296,0.316222998997551
Tom Cruise Productions,5,639730779,1968654503,0.132208245567655,0.406846702572825
Fuji Television Network,18,634652116,1941497752,0.131158677300659,0.401234425466759
Mad Chance,12,632323793,1190477651,0.13067750067285,0.246026870666189
BBC Films,151,630155438,1753443753,0.130229383402698,0.362370750158475
DMG Entertainment,9,624771531,1754301084,0.129116732703161,0.362547928170072
A Band Apart,9,607790772,1485237887,0.125607449689912,0.30694270423853
Atomic Monster,16,602441306,1736194167,0.124501916647264,0.358805910734314
Troublemaker Studios,11,600283124,1371465183,0.124055901752871,0.283430173525469
Lawrence Gordon,9,596369735,1142909474,0.123247151711607,0.236196320952992
Joint Effort,5,593678548,1593594646,0.122690984768505,0.329335963204717
Red Wagon Entertainment,8,592747124,1213097997,0.122498494525794,0.250701643800394
Cube Vision,8,590237799,687520633,0.121979911605135,0.142084607563479
Reliance BIG Entertainment,14,584336381,1168625825,0.120760310882843,0.241510921656474
Media Rights Capital,13,580236863,1457114591,0.119913094991026,0.301130678702489
Gracie Films,7,574925763,1145275610,0.118815490754863,0.236685312103025
Team Todd,9,570179906,991325568,0.11783470094721,0.204869639595126
Closest to the Hole,11,567778053,858583611,0.117338328439172,0.177436879089809
Tyler Perry Studios,11,566109847,594121779,0.116993573120614,0.122782583914294
DC Films,3,564086102,1802839849,0.116575341288241,0.372579061848995
Mutual Film Company,5,560484182,1192779027,0.115830960152446,0.24650247836452
FilmNation Entertainment,54,554658056,1247406791,0.114626919449387,0.257791978689975
Jerry Weintraub,6,549401626,1219383152,0.113540613442139,0.25200054850054
Broken Road,12,548166999,1115171321,0.113285462564678,0.230463889962022
Nu Image,18,535583036,1521635080,0.110684831603762,0.314464632505979
Robert Simonds Company,7,533966250,818504289,0.110350702861586,0.169153993508715
Good Universe,15,532850614,865972183,0.110120142939985,0.178963818504694
Morgan Creek Productions,10,531118944,938175174,0.109762272004089,0.193885455978146
Di Novi Pictures,12,530457978,830125497,0.10962567523853,0.17155565928984
Entertainment One,58,526798834,1075792472,0.10886946805826,0.222325765754677
Phoenix Pictures,17,526092393,1479968171,0.108723473323799,0.305853652515728
Saturn Films,11,524753235,1177010808,0.108446719827594,0.243243781678118
UK Film Council,71,524112124,1717568179,0.108314226342356,0.354956620882583
Maverick Films,3,522364166,1137610548,0.107952989290627,0.235101232623886
Cross Creek Pictures,22,521931372,1443848233,0.107863547079449,0.298389022409205
Sony Pictures,21,517049935,1011858602,0.106854737994747,0.209113043993402
Laurence Mark,7,510849614,973707076,0.105573365285671,0.201228561201948
MARV Films,14,508975133,1446324011,0.105185980697505,0.298900672429088
The Mark Gordon Company,13,503601298,1428223025,0.104075411500834,0.295159880707537
Montecito Picture Company,15,494456516,900314516,0.102185529656774,0.186061084641752
Rogue Pictures,17,489302777,961548424,0.101120446009605,0.198715825998086
Valhalla Motion Pictures,5,487720737,1093526058,0.100793497956324,0.225990629740662
Newmarket Films,4,478862407,795497576,0.098962814946527,0.164399372874761
Image Nation Abu Dhabi,16,475587858,909473247,0.098286089060378,0.187953849218483
CBS Films,20,474207071,820511042,0.098000732418545,0.169568713734983
Image Nation,11,473309751,1380111234,0.097815290187521,0.285216986465102
Lord Miller,4,472245852,876699376,0.097595422354257,0.181180725073755
Beacon Pictures,10,470664253,866434673,0.097268565439058,0.179059397760062
Smart Entertainment,4,467780755,909231281,0.096672655058955,0.18790384396409
Constantin Film,23,467715018,1820998105,0.096659069698168,0.376331689121488
David Brown,4,465896331,788887301,0.096283215627363,0.163033278121847
3 Arts Entertainment,13,462329651,884645415,0.095546117271648,0.182822871910967
Wigram Productions,4,459047991,1251494357,0.094867921809757,0.258636724553769
Wendy Fineman Productions,2,454891598,1005923792,0.094008951998614,0.207886542402993
Dreamworks LLC,3,453238496,924463558,0.093667318107705,0.191051781634556
Stage 6 Films,26,452431060,845491616,0.093500451512455,0.174731257058247
Hemisphere Media Capital,3,452398349,1534275658,0.093493691381377,0.317076963654019
Hartbeat Productions,12,451155968,1068224850,0.093236938044304,0.220761823451786
M6 Films,13,444035404,1244523069,0.091765385783893,0.257196022017512
Cine Plus,97,439929082,1660943149,0.090916763761666,0.343254360936269
Leverage,12,438052286,663026102,0.090528900750234,0.137022511013154
Jon Peters,3,434308866,844086176,0.089755276896468,0.174440805570293
STX Entertainment,15,433669642,727330888,0.089623173383023,0.150311887134705
Mark Johnson,2,433332447,1137880860,0.089553487882766,0.23515709592834
Animal Logic,9,428191278,994586515,0.088491001980932,0.205543554460428
Birnbaum/Barber,5,425522703,916754397,0.087939508086161,0.189458588553864
Anonymous Content,36,425305807,1087134808,0.087894683856076,0.224669799201908
Open Road Films,21,422062115,737406191,0.087224334949068,0.152394072605404
Monkeypaw Pictures,5,420992438,625676761,0.087003273020931,0.12930380963312
Grive Productions,6,414232430,894192917,0.085606234099183,0.184795980803659
Tapestry Films,7,414226042,571169500,0.085604913940297,0.118039212736949
Wanda Pictures,1,412563408,821133378,0.085261310144174,0.169697327135205
Eddie Murphy Production,3,405499640,724280938,0.083801495476765,0.149681577398476
Waverly Films,5,403485573,930942894,0.083385263722304,0.192390816230238
Solana Films,6,401360355,890417130,0.082946061244556,0.184015667910652
Rainforest Films,5,400393818,462105405,0.082746314467879,0.095499774073526
2.0 Entertainment,4,393034174,913342963,0.081225353380524,0.188753573696341
Junction Entertainment,2,392966503,788649214,0.081211368334815,0.162984074510585
Tig Productions,4,387510797,934023590,0.080083879487521,0.19302748000609
Contrafilm,9,381207362,897101065,0.078781197000206,0.185396985409897
STX Films,13,379538664,535508047,0.078436340003788,0.110669334203211
Radar Pictures,19,378549701,1047010999,0.078231958617971,0.216377719834281
87Eleven Inc.,6,374798711,713149928,0.077456770330459,0.147381217072221
Trigger Street Productions,8,374332570,996333807,0.077360436550969,0.205904653875053
Radiant Productions,3,374137787,900293475,0.077320182244718,0.186056736259923
Brownstone,7,371996159,659963961,0.076877588438334,0.136389681856609
Ghost House Pictures,7,371562061,669355295,0.076787876739494,0.138330516708452
Tim Burton,7,370227774,1092194480,0.076512129895439,0.225715442744826
HBO Films,12,369323308,872509908,0.076325210855492,0.180314919906451
Pariah Productions,12,369182502,772511520,0.076296111561169,0.159649021264307
TF1 Film Productions,29,368616343,1784359327,0.076179107829975,0.368759834337988
7 Bucks Productions,3,366769609,957003027,0.075797457501142,0.197776463718663
Tall Trees,5,365632413,711395772,0.075562441939969,0.147018699127446
Douglas Wick,3,365096320,810892716,0.075451651718023,0.167580968190294
Olive Bridge Entertainment,6,363987257,760204377,0.075222450187837,0.157105598566209
China Film Company,8,359059989,2751706519,0.074204169562446,0.568674047171443
Seed Productions,3,358821837,828649315,0.074154952518133,0.171250588096199
KatzSmith Productions,2,358037277,745233267,0.073992813530066,0.154011634273301
K/O Paper Products,5,357337072,987733286,0.073848107541818,0.204127250270751
Initial Entertainment Group,7,353069902,760022235,0.072966244299095,0.157067956678317
John Calley,2,350911984,1258696305,0.072520283963553,0.260125095820254
22nd & Indiana,1,350126372,547326372,0.072357927566728,0.113111736640437
Huayi Brothers Pictures Ltd,12,349346114,763686433,0.072196677639952,0.157825208329942
Affirm Films,12,349118026,391935374,0.072149540445205,0.080998272825705
IM Global,44,344718979,725224708,0.071240423195995,0.149876619094163
Apatow Productions,9,343589627,455078285,0.071007028694043,0.094047533166741
Kerner Entertainment Company,5,341637932,1253861140,0.070603686881669,0.259125849414321
Lego Systems A/S,3,340838447,623528255,0.070438463458508,0.128859794403314
Wonderland Sound and Vision,12,339697891,768722628,0.070202753511947,0.158866000061625
Mad Ghost Productions,3,335061807,1146894640,0.069244649646908,0.237019904595442
Reuben Cannon Productions,7,334770632,336321378,0.069184474746517,0.069504955509224
Aardman Animations,8,332685255,1070488359,0.068753505902173,0.221229605468128
Cannell Studios,2,330167004,534146305,0.068233078313665,0.110387913445221
Steve Tisch Productions,1,330151138,679850637,0.068229799409331,0.140499508412464
Beaglepug,3,327794414,884080177,0.067742753365034,0.182706058515769
American Zoetrope,13,326189927,688814236,0.067411166362705,0.142351946557796
Bonnie Arnold,2,326111159,791589066,0.067394887985255,0.163591631138947
Jack Giarraputo,2,324971441,418832929,0.067159351221716,0.086556983885642
Maximum Effect,1,324591735,786680557,0.067080880299666,0.162577227291976
Wild West Picture Show,5,321078245,542486905,0.066354774312636,0.112111601173214
Lucamar,3,319637775,619659058,0.066057083443689,0.128060177183199
Alcor Films,9,319629315,481129315,0.06605533508048,0.099431299408087
Callahan Filmworks,3,318256659,488115912,0.065771658809953,0.100875165737767
Duncan Henderson Productions,1,317871467,975047606,0.065692054138428,0.201505598238853
Black Label Media,11,317300017,709955390,0.065573956956911,0.146721026444783
Sidney Kimmel Entertainment,20,316575513,577063385,0.065424229281003,0.119257256672002
Arthur Sarkissian,3,315706339,642669242,0.065244603767576,0.132815515142058
Guber-Peters,2,314938879,475098879,0.065085998705143,0.098185035526874
Hyde Park Entertainment,18,313663269,494894435,0.064822378185911,0.10227603101233
Misher Films,11,313428319,657563090,0.06477382287434,0.135893512290967
Roger Birnbaum,4,311439538,532012588,0.064362816783248,0.109946954544433
Emmett/Furla Films,13,309680505,559725032,0.063999290946349,0.115674072453875
Chartoff Winkler Productions,5,309504363,627954162,0.063962889032364,0.129774462602381
Detective Agency,1,308709423,781139244,0.063798604889438,0.161432046703641
Bernd Eichinger,3,307917818,644005490,0.063635009965341,0.133091667250918
LD Entertainment,23,307460359,414526055,0.063540470428095,0.085666915322252
TPS Company,7,306570619,312558646,0.063356594697439,0.064594094236416
Mirage,9,306009811,508819425,0.063240696816309,0.105153801721323
B23,1,304360277,1110526981,0.062899800296549,0.229504079892887
2Dux2,3,301792397,729666354,0.06236911626387,0.15079453995145
Film4,51,300794841,1035614719,0.062162959028757,0.214022538194978
Flynn Picture Company,10,300212753,1153045719,0.062042663373503,0.238291100838664
Laika,6,300158323,563364770,0.062031414743544,0.116426269145205
Fuzzy Door,3,300142125,773230770,0.06202806722732,0.159797663136398
Double Feature Films,11,298535978,519627837,0.061696137165544,0.107387493197174
Brad Grey,5,296254412,510044849,0.061224623447729,0.105407050685472
Flower Films,7,295712266,615921150,0.061112582298773,0.127287692452129
Pathe,49,294716649,860381780,0.060906825781894,0.177808492863177
Shangri-La Entertainment,6,293695373,539526939,0.060695766516602,0.111499887738991
Mayhem Pictures,6,291298205,404503456,0.060200362221523,0.083595621782352
Out of the Blue Entertainment,2,289773247,399910818,0.059885210866668,0.082646496568373
Le Grisbi,9,289112418,538961445,0.059748642413847,0.111383021438239
Lynda Obst Productions,3,289062382,863425274,0.059738301858113,0.178437468387483
Scholastic Entertainment Inc.,7,286746547,835161867,0.059259706029328,0.172596487187429
Neal H. Moritz,2,286442310,473712310,0.059196831705742,0.09789848396352
PolyGram Filmed Entertainment,11,282265579,827130246,0.05833365879638,0.170936653775733
Mark Canton,6,280911937,748266008,0.058053912003164,0.154638387557703
Steven Spielberg,3,276936489,576942849,0.057232336705119,0.119232346422861
Toho Co,15,276119299,1275813450,0.057063454325622,0.26366256468038
Protozoa Pictures,10,274697173,812480009,0.056769554470232,0.16790900184073
Esperanto Filmoj,3,274092705,694803766,0.056644633712306,0.143589756710236
Offspring Entertainment,8,273053830,726321708,0.056429937396883,0.150103327656809
Red Granite Pictures,4,272968502,448356447,0.056412303314628,0.092658382545664
Vertigo Films,23,272614227,669222452,0.056339088021983,0.138303063066166
Firm Films,6,267320265,474528845,0.055245025564622,0.098067230979199
Exclusive Media Group,12,266036687,597308455,0.054979758360042,0.123441149762589
Forward Pass,4,265903393,528002571,0.054952211513051,0.109118235136724
Dark Castle Entertainment,12,265758065,485697602,0.054922177691727,0.100375392187965
Big Talk Pictures,13,264793759,610411207,0.054722891978681,0.126148994860704
Littlestar,2,264764998,1011186898,0.054716948163758,0.208974228087875
Infinitum Nihil,7,263699720,735134214,0.054496795343158,0.151924540572554
Samuel Goldwyn Films,51,262632708,561912146,0.054276284170098,0.116126066502447
Stuber Pictures,6,262266111,498250992,0.054200522384373,0.102969704861838
Rat Entertainment,6,262041375,522448332,0.054154077921716,0.107970383231269
Nick Wechsler,7,259774149,484513159,0.053685527741539,0.100130612452262
Runteldat Entertainment,4,259063630,426362070,0.053538690238145,0.088112973615881
FilmDistrict,5,259061227,496924902,0.053538193628595,0.102695652028803
Sikelia Productions,8,258528659,722344295,0.05342813189132,0.14928134626731
See-Saw Films,17,256765870,744425129,0.053063829830756,0.153844622601104
TIK Films,6,255319342,1036894984,0.052764887001487,0.214287120727299
Four by Two Films,4,255074726,609021136,0.052714334091952,0.125861719565912
Arad Productions,5,254074965,1021542504,0.052507721166428,0.211114341626245
Moritz Borman,5,254064772,679259169,0.052505614657422,0.140377274264669
John Davis,2,254014499,429314499,0.052495225122718,0.088723129436214
Anton Capital Entertainment,19,253902058,993552108,0.052471987805041,0.205329781512241
Cold Springs Pictures,7,253538940,566025287,0.052396944997519,0.116976097755019
Hutch Parker,3,253174824,841732430,0.052321695941005,0.173954374966378
Room 101,6,251728023,576303933,0.052022696692923,0.11910030656141
Allison Shearmur,4,250642270,621841937,0.051798312461365,0.128511296016855
Endgame Entertainment,16,249904237,530945599,0.051645788850959,0.109726448124607
Tree Line Film,3,249549353,517630690,0.051572447700963,0.106974758169131
Bazmark,3,248565516,680383388,0.051369125666188,0.140609607968944
United Plankton Pictures,3,248410641,453064436,0.051337118839715,0.093631346464665
Darren Star,2,247994950,709928036,0.051251211174159,0.146715373403741
Robert Rehme,3,247886880,504780938,0.051228877177473,0.104319198637425
Katja Motion Picture Corporation,2,247095503,598020129,0.051065329372385,0.12358822596096
Zanuck/Brown,4,246638219,455638219,0.050970826001044,0.094163250425006
State Street Pictures,11,246210399,273975632,0.050882411728235,0.056620439134772
Tollin/Robbins,3,245866167,340608596,0.050811271945248,0.070390961918095
Feigco Entertainment,8,245377226,509480271,0.050710226264912,0.105290373687403
New Republic Pictures,3,243955629,516142389,0.050416435733888,0.10666718243486
Pitt Bull,1,242704995,484468608,0.050157976812706,0.100121405439341
Sahdy Acres,1,242704995,484468608,0.050157976812706,0.100121405439341
Gotham Group,12,242459865,925586362,0.05010731767874,0.191283822911651
Beijing Universe Starlight Culture Media Company,5,241930785,858114242,0.049997976779629,0.177339878204357
Josephson Entertainment,5,241875083,610901710,0.049986465275201,0.12625036334758
Why Not Productions,27,241652381,512672091,0.049940441163699,0.105950002606661
Intermedia Film,9,240967146,559121997,0.049798828910349,0.115549447843049
Rocket Pictures,4,239578701,470279918,0.049511889648486,0.09718913787714
QED International,9,237929378,638568953,0.049171036734475,0.131968139913594
Bona Film Group,11,237002144,1196208857,0.048979412406876,0.247211294982042
QC Entertainment,6,236873130,366107675,0.048952750074605,0.07566066068646
Bay Films,3,235149245,680802118,0.048596488004853,0.140696143681284
Curtis-Donen Productions,1,234770996,490359051,0.048518318189801,0.101338738042695
Carolco Pictures,2,233970952,548307175,0.048352979242404,0.11331443166174
Simon Kinberg,1,233921534,747862775,0.048342766403982,0.154555054491302
A24,31,233586920,391919773,0.048273614299168,0.080995048686885
Section Eight,6,233203528,544095992,0.048194381619815,0.112444138822205
Lawrence Bender,5,232562719,423268609,0.048061950546597,0.087473671795541
Smokehouse Pictures,6,231819337,446801152,0.047908321499452,0.092336961676073
Twisted Pictures,7,231503166,561680473,0.047842980867766,0.116078188423291
Hyayi Brothers Corp.,24,230319851,1481724194,0.047598434247157,0.306216556299049
Jim Henson Productions,6,230012047,291455854,0.047534822759083,0.060232942329265
Goldcrest Films,20,229018589,519488565,0.047329512426148,0.107358710922847
Blue Light,2,227991744,625921263,0.047117302258408,0.129354338983151
Pearl Street,10,227864744,528071177,0.047091056144046,0.1091324134117
Leonard Goldberg,2,226119873,486936090,0.046730457058892,0.100631340988635
M. Productions,2,225978492,636153396,0.046701238933737,0.131468935305153
Burg-Knoules,5,225896749,448643974,0.046684345735891,0.092717803541919
Vendian Entertainment,8,224904055,467397928,0.046479193292967,0.096593539143811
Charles B. Wessler Entertainment,4,224466858,564630401,0.046388841147604,0.116687827381167
River Road Entertainment,11,224315604,725485156,0.046357582645385,0.149930443881514
Interscope Films,7,223676887,450026017,0.046225583909735,0.093003419751623
Guillermo del Toro,3,223582629,656750015,0.046206104332982,0.135725480326907
Impact Pictures,10,223432164,1219917752,0.046175008887332,0.252111030175645
Moving Pictures,3,223271376,331085778,0.046141780066575,0.068422954278056
Wild Bunch,61,222913053,758613658,0.046067728204867,0.156776856890672
Sommers Company,3,222642322,707231868,0.046011778308902,0.146158177075635
On The Day Productions,5,221369355,268326185,0.045748703998176,0.055452911323362
Alliance Films,12,220917826,429000838,0.045655389968474,0.088658307526945
Strike Entertainment,7,220560999,623137435,0.045581647273594,0.128779026636264
Dickhouse,3,219232711,332588812,0.045307140196784,0.068733574768255
Blue Wolf,1,219195051,441286003,0.045299357293895,0.091197188200621
Mirage Enterprises,4,216699635,412511398,0.044783648839415,0.085250561637024
Queen Films,1,216303339,903526372,0.044701749389513,0.186724854247209
Live Nation Productions,2,216102710,434918828,0.044660286935351,0.089881333057169
Bill Gerber,1,215288866,434104984,0.044492096047969,0.089713142169786
Wrigley Pictures,6,215241593,626975609,0.044482326500219,0.129572232571293
Riche-Ludwig,2,214843286,519102250,0.044400011452396,0.107278874169539
Gratitude International,1,213117789,296338663,0.044043416242988,0.061242034954668
Practical Pictures,5,212664768,640917614,0.043949793873108,0.132453519639623
Provident Films,11,212410870,222645302,0.043897322723938,0.046012394162609
Conundrum Entertainment,4,212394225,425548106,0.043893882829658,0.08794475792902
Zadan/Meron,2,212338351,377843017,0.043882335779312,0.078085913664566
Aggregate Films,5,211728521,301187409,0.043756306898037,0.062244088041538
Double Dream,1,211593228,470288232,0.043728346933073,0.09719085606765
The Bedford Falls Company,4,211428369,736310575,0.04369427679002,0.152167650063405
Karz Entertainment,4,211304475,425654602,0.043668672568816,0.087966766639219
IMAX Corporation,10,210158723,289845933,0.043431888804851,0.059900232323901
Big Kid Pictures,4,208434597,452110558,0.043075576929481,0.09343421582627
Image Entertainment,8,208236506,555441803,0.043034638984282,0.11478889042099
Mr. Mudd,10,207575892,325441115,0.042898114963859,0.067256415139175
Studio Babelsberg,11,207455905,614107529,0.042873318172331,0.126912885332625
Access Entertainment,2,206869238,696668220,0.042752076210324,0.143975069095341
Kevin Feige,1,206362140,644602516,0.042647278162283,0.133215050027875
Eric's Boy,1,206040085,312383487,0.042580721529518,0.064557895471489
Mythology Entertainment,6,205957861,459506747,0.042563728927098,0.09496272938803
Lloyd Levin,3,205400050,388150793,0.042448450412933,0.080216142544275
DNA Films,15,204824891,508182402,0.04232958672088,0.105022153071639
Whitaker Entertainment,4,204281317,320423618,0.042217250458134,0.06621948757951
Zhiv,3,203615100,383279805,0.042079568508744,0.079209492874132
Ivan Reitman Production,3,201534845,317931537,0.041649658188792,0.06570446834386
Brandywine,2,200739115,640969512,0.041485210782634,0.132464245000593
Herrick Entertainment,5,200730790,283273957,0.041483490318839,0.058542052531097
Film 4,38,199458484,671215963,0.041220552611905,0.138715046670022
Dino De Laurentiis,4,198694051,456041362,0.041062573116308,0.094246564891798
David Entertainment Company,2,198590336,447449374,0.041041139134016,0.092470924737054
Horseshoe Bay,3,198023124,353149242,0.040923917787402,0.07298264088739
Kennedy Miller,1,198000317,385000317,0.040919204439919,0.079565057871885
Wayne Rice,4,197523151,417173367,0.040820592208375,0.08621401495616
Eidos Interactive,2,196797941,430423128,0.04067071862887,0.088952241274954
Hey Eddie,3,196742778,351695429,0.040659318515433,0.072682192523136
Davis Films,11,196662420,1089122815,0.040642711544897,0.225080645336366
Sunday Night,4,196639244,349691590,0.04063792193902,0.072268074510862
Spring Creek Prod,5,196623743,390749098,0.040634718466431,0.080753114277973
Peters Entertainment,3,194321493,331245147,0.040158930145235,0.068455889844985
Malek Akkad,2,192739988,294003028,0.039832092656294,0.060759347211991
Double Dare You,4,192681035,582328302,0.039819909292671,0.120345316622341
Wind Dancer Films,4,192036778,384276691,0.039686765647781,0.079415511645492
Paramount Players,11,191254803,278739568,0.039525160881805,0.057604965190468
Gama Entertainment,2,191216282,485028891,0.039517200042661,0.100237194822755
Heavy Metal,1,191204754,485004754,0.039514817639461,0.100232206614389
Mednick Productions,2,191204754,485004754,0.039514817639461,0.100232206614389
Rough House Pictures,13,190876331,296558679,0.039446944981056,0.061287503971185
Avi Arad,1,190173195,375243139,0.039301633265555,0.077548616851042
Sean Daniel Company,4,188354897,585777363,0.038925859586391,0.121058107562897
Golden Mean,1,188042855,312183437,0.038861372263414,0.06451655267481
Orion Pictures,29,187258565,218815451,0.038699289074173,0.045220908278051
Depth of Field,12,186739495,535912071,0.038592016864863,0.110752830739505
Guy Walks Into a Bar,3,186430094,272113538,0.038528075337068,0.056235614472737
Wanda Media,21,184393825,2883104793,0.038107255265827,0.595829119033568
Overture Films,8,183983289,311771376,0.038022412944519,0.064431395193468
LBI Entertainment,4,183540576,339789937,0.037930920849811,0.070221775951653
Matt Groening,1,183135014,527071022,0.037847106466872,0.108925719061223
Wayans Brothers Entertainment,2,182813789,309424624,0.037780721363831,0.063946409985804
Smoke House Pictures,4,182763215,316898188,0.03777026962377,0.065490914044405
Baltimore Spring Creek Pictures,2,182693512,328786512,0.037755864640231,0.067947782637216
Levantine Films,3,181599209,249929644,0.037529713445856,0.051651039520468
Pure Flix,16,181268092,195951590,0.037461284039167,0.040495809769523
Ashok Amritraj,6,180580570,229519448,0.037319199149096,0.047433021107988
Nuyorican,4,180251890,267177559,0.037251273378475,0.055215533611896
Geffen Pictures,3,179898944,314679229,0.037178332740051,0.065032338834322
Momentum Pictures,25,179122127,565888683,0.03701779393831,0.116947866855756
T.D. Jakes,4,178790251,200676920,0.036949207674922,0.041472357419778
TPS Star,11,178399693,367968288,0.0368684940534,0.076045179281602
IMF,6,177965784,389294809,0.036778821413738,0.080452567542456
China Film Group,8,176830538,793148523,0.036544208844084,0.163913912137104
Gunnfilms,4,176722474,239087066,0.036521876087372,0.049410287219865
Amazon Studios,46,176286624,337867723,0.036431802316151,0.06982452675107
Blueprint Films,15,176180061,522714206,0.036409779759577,0.108025329368356
Mandalay Vision,10,176125637,306094086,0.036398532369592,0.063258113283143
Ludlum Entertainment,1,176087450,311001124,0.036390640555661,0.064272213129844
Hemdale,3,176052820,216071102,0.036383483839595,0.04465375475281
Automatik,39,175928141,292738103,0.036357717388472,0.060497934879625
Ivanhoe Pictures,3,175319554,289639273,0.036231945388458,0.059857523489301
SK Global,4,175087951,238838834,0.036184081775665,0.049358987019389
Gilbert Films,10,175064514,488345427,0.036179238230922,0.100922597839641
Electric Somewhere,1,174532921,238099711,0.036069377989406,0.049206238147056
Gulfstream Pictures,7,174429511,364045436,0.036048007039121,0.075234473594825
Chris Morgan Productions,2,173956935,760582290,0.035950343387615,0.157183698942723
Polygram Pictures,5,173869525,318380585,0.035932279034415,0.065797269644351
Neal Street,3,173826124,414853067,0.035923309683159,0.085734496380127
Harbinger Pictures,3,173710166,224378545,0.03589934553411,0.046370590178331
Groucho II Film Partnership,1,173396389,465421959,0.035834499652012,0.096185180810335
Michael Bay,3,172905798,280054722,0.035733112978851,0.057876757964396
Lorne Michaels,4,172179940,217085739,0.035583105482164,0.044863441986974
OddLot Entertainment,8,171662190,313221878,0.035476106067114,0.064731159298787
Producer Circle Company,1,170687518,306770545,0.035274678092482,0.063397911867991
Martin Bregman,3,170002424,254977424,0.035133094978519,0.052694225435103
TTK Productions,2,169418043,260018043,0.03501232544657,0.053735931440881
Bona Fide,13,169218250,296610190,0.034971035762106,0.061298149353838
EMI,1,169100479,340800479,0.034946696934274,0.070430616903625
Phillips,1,169100479,340800479,0.034946696934274,0.070430616903625
Celador Films,4,168402989,450466801,0.034802552034219,0.09309451319472
The Fyzz Facility,43,168013124,346882643,0.034721981629683,0.071687571013214
