movie_id,item_id,inv_exist,cluster_kmeans
tt1298650,.,0,5
tt2395427,I-1048,1,22
tt4154756,I-1097,1,22
tt0449088,I-1007,1,5
tt0974015,I-1092,1,5
tt2379713,I-1062,1,5
tt3778644,I-1099,1,5
tt0401729,.,0,9
tt2975590,I-1070,1,22
tt0398286,.,0,2
tt0413300,I-1005,1,5
tt3498820,I-1071,1,22
tt0417741,I-1018,1,2
tt1170358,I-1040,1,2
tt2310332,I-1044,1,5
tt4630562,I-1084,1,5
tt0499549,I-1021,1,22
tt0348150,.,0,5
tt1345836,I-1031,1,22
tt1790809,.,0,9
tt0830515,.,0,5
tt0848228,.,0,22
tt0383574,I-1004,1,22
tt0770828,I-1034,1,5
tt0499448,.,0,9
tt1210819,.,0,9
tt0948470,I-1030,1,5
tt1440129,.,0,18
tt3371366,.,0,9
tt0369610,I-1053,1,22
tt1409024,.,0,9
tt1055369,I-1017,1,5
tt2109248,.,0,5
tt0376994,.,0,5
tt0955308,.,0,9
tt0360717,.,0,5
tt0385752,.,0,9
tt1825683,I-1095,1,22
tt0120338,.,0,22
tt3606756,I-1100,1,22
tt3748528,.,0,22
tt2277860,I-1073,1,5
tt0435761,I-1023,1,2
tt1300854,.,0,22
tt3896198,I-1085,1,22
tt0316654,.,0,5
tt1014759,.,0,5
tt1074638,I-1032,1,2
tt0903624,I-1033,1,2
tt1453405,I-1035,1,5
tt1623205,.,0,5
tt1877832,.,0,2
tt1872181,.,0,5
tt1216475,.,0,9
tt1104001,.,0,9
tt1190080,.,0,9
tt4123430,.,0,9
tt0438488,.,0,9
tt1133985,.,0,9
tt1399103,I-1028,1,5
tt2345759,.,0,18
tt1351685,.,0,18
tt2820852,.,0,5
tt1408101,.,0,2
tt0816711,.,0,9
tt1343092,.,0,9
tt1663662,.,0,9
tt1979388,I-1065,1,18
tt0371746,I-1011,1,2
tt0468569,I-1013,1,22
tt0367882,I-1012,1,5
tt1217209,.,0,9
tt3731562,.,0,9
tt2660888,I-1075,1,9
tt1856101,.,0,2
tt3501632,I-1091,1,2
tt1587310,.,0,9
tt3183660,.,0,5
tt0910970,.,0,2
tt0293564,.,0,9
tt0918940,.,0,18
tt0970179,.,0,8
tt2239822,.,0,18
tt1617661,.,0,18
tt4912910,I-1103,1,2
tt3385516,I-1072,1,9
tt4779682,.,0,9
tt1631867,.,0,21
tt3040964,.,0,5
tt2096673,I-1054,1,2
tt2250912,I-1088,1,5
tt1386697,I-1077,1,5
tt1049413,I-1015,1,2
tt2380307,I-1093,1,2
tt5848272,I-1105,1,9
tt0892782,.,0,9
tt3606752,.,0,9
tt1046173,.,0,9
tt0120891,.,0,9
tt0859163,.,0,9
tt0413099,.,0,19
tt0114898,.,0,9
tt1972591,.,0,18
tt1335975,.,0,18
tt4881806,I-1101,1,5
tt2015381,I-1042,1,2
tt1228705,I-1022,1,5
tt1843866,I-1041,1,2
tt2103281,.,0,2
tt0338348,.,0,9
tt1735898,.,0,9
tt0181852,.,0,9
tt0338526,.,0,9
tt1964418,.,0,18
tt2567026,.,0,18
tt0892791,.,0,9
tt1211837,I-1078,1,2
tt2245084,.,0,2
tt0892769,.,0,2
tt1772341,.,0,2
tt0816692,.,0,2
tt1628841,.,0,18
tt2771200,.,0,5
tt1477834,I-1106,1,5
tt0413267,I-1006,1,5
tt1375666,I-1026,1,2
tt1951266,I-1064,1,5
tt0831387,.,0,5
tt1270798,.,0,2
tt0421715,.,0,2
tt0963966,.,0,18
tt0409182,.,0,18
tt0803096,.,0,18
tt1860357,.,0,18
tt1340138,.,0,18
tt2557478,.,0,18
tt0346491,.,0,6
tt3450958,.,0,9
tt0213149,.,0,5
tt0418279,I-1008,1,5
tt0451279,I-1086,1,5
tt2294629,I-1039,1,2
tt2948356,I-1069,1,2
tt0373889,I-1009,1,2
tt0330373,I-1002,1,2
tt0234215,.,0,5
tt0480249,I-1010,1,5
tt3521164,I-1080,1,2
tt0448157,.,0,9
tt0372784,.,0,2
tt0367594,.,0,9
tt0382932,.,0,2
tt1981115,.,0,9
tt2381249,I-1058,1,9
tt5013056,I-1089,1,2
tt0800369,.,0,9
tt0479952,.,0,9
tt0458525,.,0,9
tt1078912,.,0,9
tt1302011,.,0,9
tt1392190,I-1049,1,8
tt0242653,.,0,9
tt1677720,.,0,2
tt0371606,.,0,19
tt0317919,.,0,9
tt0808151,.,0,9
tt0332452,.,0,9
tt0938283,.,0,18
tt0389790,.,0,9
tt0436339,.,0,19
tt0397892,.,0,18
tt1646987,.,0,18
tt0442933,.,0,18
tt1077368,.,0,18
tt2334879,.,0,18
tt0780653,.,0,18
tt2034800,.,0,18
tt3332064,.,0,18
tt1305591,.,0,18
tt0424095,.,0,18
tt1277953,.,0,9
tt1229238,.,0,9
tt1646971,.,0,2
tt0120855,.,0,9
tt0864835,.,0,18
tt1446192,.,0,18
tt0318649,.,0,18
tt1289401,.,0,9
tt0246460,.,0,9
tt0796366,I-1014,1,2
tt0120591,.,0,9
tt0458339,.,0,9
tt2267968,.,0,9
tt0122151,.,0,9
tt1583421,.,0,9
tt0325710,.,0,21
tt0369441,.,0,19
tt1528100,.,0,18
tt3691740,.,0,18
tt2404233,.,0,18
tt0145487,.,0,5
tt0409459,.,0,2
tt0382992,.,0,18
tt0800080,.,0,9
tt0286716,.,0,9
tt0173840,.,0,6
tt1673434,.,0,5
tt0481499,.,0,9
tt1663202,I-1067,1,8
tt0143145,.,0,9
tt1192628,.,0,9
tt0311113,.,0,9
tt1860353,.,0,18
tt3949660,.,0,18
tt1402488,.,0,18
tt0430357,.,0,18
tt5523010,.,0,18
tt0407304,.,0,5
tt1911658,.,0,18
tt1951264,I-1038,1,22
tt0304141,.,0,2
tt0440963,.,0,2
tt5095030,I-1102,1,9
tt0441773,.,0,2
tt0478970,I-1056,1,9
tt2224026,.,0,18
tt5028340,.,0,18
tt0448694,.,0,9
tt1001526,.,0,9
tt0172156,.,0,9
tt2357291,.,0,18
tt0944835,.,0,9
tt1959490,.,0,9
tt0983193,.,0,18
tt1815862,.,0,18
tt0455824,.,0,18
tt0790736,.,0,18
tt1324999,.,0,5
tt0130623,.,0,9
tt3315342,.,0,2
tt2692250,.,0,19
tt1951265,I-1043,1,5
tt0241527,.,0,2
tt0382625,.,0,5
tt1596343,.,0,9
tt1291150,.,0,9
tt1515091,.,0,21
tt0319262,.,0,9
tt3874544,.,0,9
tt0800320,.,0,9
tt1679335,I-1079,1,18
tt0120685,.,0,9
tt1446714,.,0,9
tt1194173,.,0,18
tt0118688,.,0,9
tt5758778,.,0,18
tt1386703,.,0,18
tt2094766,.,0,18
tt3095734,.,0,7
tt0120657,.,0,6
tt0170016,.,0,9
tt0177971,.,0,9
tt4196776,I-1076,1,9
tt0454876,.,0,8
tt0259324,.,0,18
tt2231461,.,0,18
tt0305357,.,0,9
tt1535108,.,0,18
tt1483013,.,0,9
tt3717490,.,0,18
tt0243585,.,0,18
tt1234721,.,0,18
tt0296572,.,0,18
tt0811080,.,0,18
tt0399201,.,0,6
tt1341188,.,0,23
tt1013743,.,0,18
tt1270797,.,0,9
tt0198781,.,0,2
tt1430132,.,0,9
tt0118928,.,0,19
tt2381991,.,0,18
tt0245562,.,0,6
tt1320261,.,0,23
tt3411444,.,0,18
tt5463162,I-1098,1,2
tt1454468,I-1037,1,8
tt0477347,.,0,9
tt2126355,I-1051,1,9
tt0472181,.,0,18
tt0337978,.,0,9
tt0349903,.,0,9
tt0120347,.,0,9
tt0187393,.,0,6
tt1253863,.,0,18
tt0338751,.,0,8
tt1355644,.,0,13
tt0990407,.,0,18
tt1935859,.,0,18
tt0433035,.,0,18
tt0429493,.,0,18
tt2017020,.,0,18
tt1111422,.,0,19
tt1731141,.,0,18
tt0299172,.,0,19
tt0120179,.,0,18
tt0320661,.,0,18
tt1219827,.,0,18
tt0327437,.,0,18
tt0120737,.,0,2
tt0312528,.,0,19
tt0248667,.,0,6
tt3659388,I-1061,1,2
tt3640424,.,0,6
tt0343818,.,0,9
tt0164912,.,0,19
tt0780521,.,0,18
tt0443649,.,0,18
tt3416828,.,0,18
tt0141907,.,0,23
tt4649466,.,0,18
tt0187078,.,0,19
tt0172495,.,0,2
tt1620680,.,0,18
tt1152836,.,0,6
tt0381061,.,0,2
tt0181689,.,0,21
tt4701182,.,0,18
tt1371111,.,0,6
tt0295297,.,0,5
tt0103064,.,0,2
tt0112462,.,0,9
tt0133152,.,0,9
tt0368891,.,0,9
tt1853728,.,0,8
tt0970866,.,0,19
tt0111503,.,0,6
tt0765429,.,0,21
tt0844471,.,0,19
tt1386588,.,0,19
tt0339291,.,0,18
tt0993846,.,0,8
tt0848537,.,0,18
tt0116213,.,0,6
tt0116583,.,0,18
tt0120917,.,0,19
tt1764651,.,0,18
tt0386117,.,0,18
tt0449010,.,0,18
tt1267297,.,0,18
tt1243957,.,0,18
tt0146675,.,0,19
tt0327162,.,0,19
tt0423294,.,0,19
tt0450259,.,0,21
tt1219342,.,0,18
tt0120201,.,0,18
tt0457400,.,0,18
tt0316396,.,0,18
tt0327554,.,0,13
tt2333784,.,0,18
tt0133240,.,0,18
tt0947810,.,0,1
tt1981128,.,0,18
tt2058673,.,0,18
tt1390411,.,0,18
tt2209764,.,0,18
tt0362165,.,0,7
tt1571234,.,0,18
tt0180052,.,0,13
tt2452042,I-1063,1,18
tt4532826,.,0,18
tt0209163,.,0,9
tt0217505,.,0,21
tt2316204,.,0,18
tt1661199,.,0,9
tt1667889,.,0,18
tt0265086,.,0,21
tt1261945,.,0,18
tt0814255,.,0,18
tt1790886,.,0,19
tt0477080,.,0,19
tt0119116,.,0,21
tt0138749,.,0,13
tt0380510,.,0,23
tt2638144,.,0,18
tt1121096,.,0,23
tt0266543,.,0,2
tt0167260,.,0,2
tt0167261,.,0,2
tt0146316,.,0,9
tt0163025,.,0,9
tt1318514,.,0,2
tt0416236,.,0,18
tt0317705,.,0,2
tt1606378,.,0,18
tt0318974,.,0,23
tt0112760,.,0,7
tt0359950,.,0,19
tt2283362,I-1094,1,9
tt0119654,.,0,9
tt0120363,.,0,21
tt0266915,.,0,9
tt0988045,.,0,2
tt1080016,.,0,18
tt0161081,.,0,18
tt1436562,.,0,19
tt0407887,.,0,8
tt0160127,.,0,19
tt0120762,.,0,21
tt0942385,.,0,19
tt1568346,.,0,21
tt0118884,.,0,6
tt0960144,.,0,19
tt0112864,.,0,21
tt2404435,.,0,18
tt2974918,.,0,19
tt0230011,.,0,18
tt0985699,.,0,6
tt2120120,.,0,19
tt0338094,.,0,7
tt0164052,.,0,19
tt0373926,.,0,6
tt1854564,.,0,18
tt0325703,.,0,13
tt3110958,.,0,19
tt0266987,.,0,6
tt0120053,.,0,13
tt0183523,.,0,19
tt1365519,.,0,18
tt0182789,.,0,6
tt0349683,.,0,18
tt0120461,.,0,6
tt0118972,.,0,6
tt0267626,.,0,6
tt0816462,.,0,18
tt1509767,.,0,1
tt1041804,.,0,3
tt0117998,.,0,9
tt0352248,.,0,21
tt3829266,.,0,18
tt0120667,.,0,9
tt0212985,.,0,9
tt0329575,.,0,6
tt0162222,.,0,21
tt0366548,.,0,18
tt0240772,.,0,21
tt0372183,.,0,21
tt0118571,.,0,9
tt1013752,.,0,9
tt0451079,.,0,19
tt1840309,.,0,9
tt0837562,.,0,19
tt0461770,.,0,18
tt1599348,.,0,6
tt0496806,.,0,19
tt1230414,.,0,6
tt0120660,.,0,6
tt0400717,.,0,19
tt0471042,.,0,13
tt0211181,.,0,19
tt1667353,.,0,18
tt0457939,.,0,23
tt0463985,.,0,18
tt0397535,.,0,6
tt0215750,.,0,21
tt0107362,.,0,18
tt0327850,.,0,23
tt1430607,.,0,13
tt1293847,.,0,18
tt0119643,.,0,6
tt1287468,.,0,13
tt0233469,.,0,23
tt0284490,.,0,19
tt0113492,.,0,1
tt0443706,.,0,21
tt0446029,.,0,21
tt0298814,.,0,18
tt1485796,.,0,21
tt0267913,.,0,19
tt0144528,.,0,19
tt1821694,.,0,23
tt0389860,.,0,19
tt0413895,.,0,18
tt0489099,.,0,18
tt0411477,.,0,18
tt0398165,.,0,19
tt1320253,.,0,18
tt0216216,.,0,13
tt0315327,.,0,9
tt1392170,I-1029,1,5
tt1411697,I-1027,1,9
tt0117060,.,0,9
tt4116284,.,0,9
tt2510894,I-1060,1,19
tt0103776,.,0,9
tt0120616,.,0,9
tt0327084,.,0,19
tt0275847,.,0,19
tt0120647,.,0,9
tt2191701,.,0,19
tt1615918,.,0,19
tt0425061,.,0,19
tt0358082,.,0,19
tt1130884,.,0,21
tt0337741,.,0,6
tt0369436,.,0,19
tt0119094,.,0,6
tt0960731,.,0,19
tt0257044,.,0,21
tt1564367,.,0,19
tt0287978,.,0,9
tt1059786,.,0,18
tt0118880,.,0,19
tt1302067,.,0,13
tt0159365,.,0,6
tt1037705,.,0,6
tt0119137,.,0,19
tt0171363,.,0,19
tt0117705,.,0,19
tt2713180,.,0,21
tt6182908,.,0,18
tt0383216,.,0,19
tt1222817,.,0,18
tt0970416,.,0,18
tt0118883,.,0,6
tt0120828,.,0,19
tt0166813,.,0,19
tt0244244,.,0,19
tt0120738,.,0,18
tt0368008,.,0,6
tt0374536,.,0,19
tt0268695,.,0,18
tt0120889,.,0,6
tt0120751,.,0,13
tt0386140,.,0,18
tt0185431,.,0,13
tt0986263,.,0,13
tt0251075,.,0,13
tt0355295,.,0,1
tt0116996,.,0,23
tt0405469,.,0,7
tt1762399,.,0,7
tt0146309,.,0,6
tt0116040,.,0,6
tt1618442,.,0,18
tt1921064,.,0,1
tt0318155,.,0,7
tt0875034,.,0,20
tt0300556,.,0,13
tt0120595,.,0,19
tt0119925,.,0,6
tt0199753,.,0,13
tt0427392,.,0,13
tt0318081,.,0,12
tt0110357,.,0,2
tt1397514,.,0,19
tt0810913,.,0,19
tt0268978,.,0,21
tt1985966,.,0,18
tt0289765,.,0,6
tt0317648,.,0,18
tt0311429,.,0,18
tt0204313,.,0,1
tt1754656,.,0,3
tt3766354,.,0,18
tt1690953,I-1036,1,9
tt0322259,.,0,19
tt0206634,.,0,21
tt0131704,.,0,7
tt2709768,I-1074,1,9
tt0116629,.,0,5
tt2709692,.,0,9
tt3470600,I-1081,1,19
tt3469046,I-1087,1,9
tt0119567,.,0,9
tt0438097,.,0,9
tt0351283,.,0,9
tt1375670,.,0,19
tt0307453,.,0,19
tt0120903,.,0,9
tt0493464,.,0,9
tt0117500,.,0,6
tt0343660,.,0,19
tt0427327,.,0,6
tt1670345,.,0,19
tt0443489,.,0,10
tt4575576,.,0,18
tt0141369,.,0,19
tt1253864,.,0,18
tt0362227,.,0,6
tt0360486,.,0,6
tt0385880,.,0,19
tt0190865,.,0,18
tt0472062,.,0,23
tt0123964,.,0,6
tt0377471,.,0,13
tt0408306,.,0,21
tt1103153,.,0,13
tt1638355,.,0,18
tt0314353,.,0,6
tt0452637,.,0,18
tt0371246,.,0,6
tt0219965,.,0,23
tt0166485,.,0,6
tt0113071,.,0,6
tt0978764,.,0,18
tt0340163,.,0,1
tt3062096,.,0,18
tt0329717,.,0,13
tt0120913,.,0,13
tt0377062,.,0,13
tt0120157,.,0,13
tt0120458,.,0,7
tt0166276,.,0,13
tt2293640,I-1055,1,5
tt2279373,I-1046,1,19
tt0217869,.,0,6
tt0415306,.,0,19
tt1985949,.,0,19
tt0120832,.,0,6
tt0120184,.,0,13
tt0462538,.,0,9
tt0770752,.,0,23
tt1201167,.,0,6
tt0431197,.,0,6
tt0240462,.,0,19
tt0112573,.,0,21
tt0418763,.,0,6
tt0132245,.,0,7
tt0268995,.,0,7
tt0338512,.,0,1
tt0368447,.,0,9
tt0118998,.,0,19
tt0286106,.,0,9
tt0298148,.,0,5
tt0317219,.,0,9
tt1231580,.,0,19
tt0096438,.,0,21
tt0163187,.,0,19
tt0295701,.,0,9
tt0117438,.,0,6
tt0361748,.,0,8
tt0102057,.,0,6
tt0099423,.,0,6
tt0257076,.,0,19
tt5657846,.,0,19
tt0162661,.,0,6
tt0259711,.,0,6
tt0119282,.,0,6
tt2302755,.,0,19
tt1217613,.,0,18
tt1568911,.,0,18
tt0277434,.,0,6
tt2177771,.,0,23
tt4624424,.,0,19
tt0120844,.,0,7
tt0319061,.,0,21
tt0111742,.,0,6
tt1496025,.,0,13
tt3014284,.,0,18
tt0829150,.,0,1
tt0406816,.,0,6
tt0096754,.,0,0
tt1578275,.,0,23
tt0398375,.,0,13
tt0133952,.,0,6
tt0486655,.,0,18
tt1336608,.,0,18
tt0120102,.,0,6
tt0346156,.,0,13
tt0476964,.,0,13
tt0297181,.,0,23
tt0280486,.,0,13
tt0419706,.,0,1
tt2025690,.,0,13
tt1211956,.,0,1
tt1448755,.,0,23
tt0120696,.,0,13
tt0251114,.,0,13
tt0246894,.,0,7
tt1043726,.,0,12
tt0435705,.,0,23
tt0308208,.,0,12
tt0181739,.,0,7
tt2717822,.,0,1
tt0430912,.,0,13
tt1323594,I-1025,1,21
tt0427152,.,0,19
tt2873282,.,0,18
tt1325004,I-1024,1,9
tt0164184,.,0,19
tt2637276,.,0,19
tt0227445,.,0,6
tt0480687,.,0,13
tt0113845,.,0,13
tt0285531,.,0,13
tt0132347,.,0,13
tt0140352,.,0,6
tt1389072,.,0,23
tt0758774,.,0,6
tt1611224,.,0,18
tt0116830,.,0,23
tt0462396,.,0,1
tt0137494,.,0,6
tt2369135,.,0,18
tt0120815,.,0,2
tt0207201,.,0,19
tt0443272,.,0,8
tt0268380,.,0,21
tt0112384,.,0,21
tt0133093,.,0,2
tt5220122,.,0,19
tt1707386,.,0,8
tt0304669,.,0,19
tt0100802,.,0,21
tt0128853,.,0,6
tt1809398,.,0,18
tt3079380,I-1052,1,18
tt1231583,.,0,19
tt0838283,.,0,19
tt0113497,.,0,19
tt0120746,.,0,6
tt0186566,.,0,6
tt1823664,.,0,23
tt0106582,.,0,6
tt2788732,.,0,18
tt0115759,.,0,6
tt0469641,.,0,6
tt0219854,.,0,7
tt0304415,.,0,13
tt1645170,.,0,1
tt0120663,.,0,6
tt1596350,.,0,13
tt2381941,.,0,1
tt0359013,.,0,13
tt1234719,.,0,1
tt0758794,.,0,6
tt2719848,.,0,1
tt1855325,.,0,13
tt0119942,.,0,6
tt0137523,.,0,21
tt0452608,.,0,13
tt0116908,.,0,1
tt0228750,.,0,23
tt0406375,.,0,13
tt0338188,.,0,6
tt0357277,.,0,18
tt0375568,.,0,13
tt1418377,.,0,13
tt0102070,.,0,13
tt0458481,.,0,1
tt2361317,.,0,23
tt0219952,.,0,23
tt0380599,.,0,17
tt0430304,.,0,7
tt0396171,.,0,10
tt0107290,.,0,2
tt0295178,.,0,9
tt1411704,.,0,18
tt1961175,.,0,1
tt0111756,.,0,6
tt0109444,.,0,6
tt0141926,.,0,19
tt0112346,.,0,6
tt3460252,.,0,8
tt0811138,.,0,7
tt0233142,.,0,13
tt2267998,.,0,8
tt0445934,.,0,19
tt4046784,.,0,18
tt1272878,.,0,23
tt4500922,.,0,18
tt4701660,.,0,3
tt0290002,.,0,9
tt1490017,.,0,2
tt0486946,.,0,19
tt0822832,.,0,19
tt0120689,.,0,21
tt0120382,.,0,21
tt3263904,.,0,19
tt0258463,.,0,21
tt1078940,.,0,19
tt0113189,.,0,6
tt0317740,.,0,6
tt0317303,.,0,19
tt0144214,.,0,19
tt0120794,.,0,6
tt0369339,.,0,21
tt0239395,.,0,19
tt0313737,.,0,7
tt0120587,.,0,19
tt0277296,.,0,18
tt1245526,.,0,19
tt0335438,.,0,19
tt0099371,.,0,6
tt0452598,.,0,7
tt0879870,.,0,23
tt0790724,.,0,13
tt0328107,.,0,21
tt0218967,.,0,6
tt1598778,.,0,18
tt0146838,.,0,6
tt0119314,.,0,6
tt0327597,.,0,21
tt0349710,.,0,13
tt0149261,.,0,19
tt0257568,.,0,19
tt0949731,.,0,19
tt3300542,.,0,1
tt0160797,.,0,23
tt0393735,.,0,7
tt0116705,.,0,7
tt0167190,.,0,6
tt3393786,.,0,18
tt1469304,.,0,19
tt0120873,.,0,6
tt0120633,.,0,6
tt2446980,.,0,13
tt1623288,.,0,18
tt0119395,.,0,6
tt0338337,.,0,23
tt0118055,.,0,6
tt0420238,.,0,7
tt0787474,.,0,18
tt1648190,.,0,19
tt0290095,.,0,13
tt1205537,.,0,13
tt0114781,.,0,13
tt6266538,.,0,10
tt0118583,.,0,13
tt0822854,.,0,23
tt0120791,.,0,23
tt1321870,.,0,1
tt2398241,.,0,7
tt1213641,.,0,21
tt1045778,.,0,23
tt1226273,.,0,23
tt0253754,.,0,7
tt0253556,.,0,13
tt0762125,.,0,23
tt1135487,.,0,23
tt1034331,.,0,1
tt1057500,.,0,6
tt0473705,.,0,23
tt0120764,.,0,7
tt0443632,.,0,13
tt2083383,.,0,23
tt0138524,.,0,23
tt0120004,.,0,11
tt0120749,.,0,23
tt0181875,.,0,21
tt0289848,.,0,13
tt0821642,.,0,23
tt1538403,.,0,1
tt0146984,.,0,23
tt0259288,.,0,23
tt0822847,.,0,7
tt0455499,.,0,7
tt0329774,.,0,13
tt0165982,.,0,23
tt0382628,.,0,23
tt0118661,.,0,13
tt0387877,.,0,23
tt0131369,.,0,23
tt0831887,.,0,1
tt0272020,.,0,23
tt0134983,.,0,13
tt0454824,.,0,13
tt1837709,.,0,1
tt0120701,.,0,23
tt0765476,.,0,23
tt0326905,.,0,11
tt2822672,.,0,7
tt3045616,.,0,23
tt0294357,.,0,13
tt2296777,.,0,23
tt1431045,I-1068,1,2
tt2179136,I-1045,1,9
tt1051904,.,0,18
tt0095956,.,0,19
tt0114319,.,0,6
tt0485985,.,0,13
tt0425123,.,0,23
tt2234155,.,0,23
tt0158622,.,0,7
tt0379865,.,0,1
tt5442430,.,0,13
tt1314228,.,0,13
tt1000774,.,0,19
tt1220634,.,0,1
tt1232200,.,0,7
tt0118971,.,0,21
tt0116136,.,0,6
tt0367479,.,0,23
tt0238112,.,0,23
tt2180411,.,0,18
tt0305224,.,0,19
tt0395699,.,0,19
tt0351977,.,0,13
tt0109830,.,0,2
tt0952640,.,0,19
tt1727824,I-1104,1,2
tt0386588,.,0,19
tt0212338,.,0,19
tt0454921,.,0,21
tt0114148,.,0,6
tt0078346,.,0,6
tt0117218,.,0,19
tt4465564,.,0,18
tt1535109,.,0,21
tt0119190,.,0,19
tt0328828,.,0,19
tt3402236,.,0,18
tt0455944,.,0,18
tt4477536,.,0,7
tt0112642,.,0,19
tt1279935,.,0,19
tt0252076,.,0,23
tt0112740,.,0,6
tt0408790,.,0,18
tt0109635,.,0,6
tt0120632,.,0,6
tt1109624,.,0,18
tt0449089,.,0,19
tt0111282,.,0,6
tt0131325,.,0,19
tt0098439,.,0,11
tt0104070,.,0,6
tt0184894,.,0,19
tt0116253,.,0,6
tt1621039,.,0,19
tt0865556,.,0,13
tt0293508,.,0,6
tt2281587,.,0,7
tt0116250,.,0,20
tt4302938,.,0,10
tt0122690,.,0,13
tt1126591,.,0,1
tt0116409,.,0,23
tt0824747,.,0,21
tt1298649,.,0,13
tt0269347,.,0,13
tt0128278,.,0,23
tt0338466,.,0,23
tt0839980,.,0,23
tt2798920,.,0,1
tt2554274,.,0,1
tt1430626,.,0,13
tt0402022,.,0,7
tt0115857,.,0,23
tt0116277,.,0,23
tt0414055,.,0,1
tt0780567,.,0,13
tt0279111,.,0,6
tt0120390,.,0,12
tt0405676,.,0,23
tt0167456,.,0,12
tt0338216,.,0,23
tt0130089,.,0,3
tt0160184,.,0,17
tt0463034,.,0,23
tt0814314,.,0,21
tt0099674,.,0,21
tt0368709,.,0,23
tt0299930,.,0,7
tt0162650,.,0,19
tt0377818,.,0,19
tt1197624,.,0,13
tt1355683,.,0,6
tt0118617,.,0,13
tt0203009,.,0,8
tt0249478,.,0,23
tt0418689,.,0,6
tt0462322,.,0,6
tt0120603,.,0,11
tt1790885,.,0,8
tt0264464,.,0,21
tt0795421,.,0,19
tt0452594,.,0,19
tt0817230,.,0,19
tt0112641,.,0,6
tt1488555,.,0,23
tt0120863,.,0,10
tt0125664,.,0,6
tt1179034,.,0,1
tt0245803,.,0,7
tt0183505,.,0,19
tt4244998,.,0,1
tt0790604,.,0,7
tt1385826,.,0,23
tt1259571,I-1020,1,5
tt0126029,.,0,2
tt1637725,.,0,9
tt2294449,.,0,19
tt0102798,.,0,6
tt0116695,.,0,6
tt1528854,I-1066,1,19
tt0119822,.,0,21
tt0129290,.,0,19
tt1489889,.,0,18
tt1229340,.,0,19
tt1650062,.,0,18
tt0280590,.,0,19
tt0195685,.,0,6
tt6343314,.,0,18
tt5117670,.,0,18
tt0251127,.,0,19
tt0110148,.,0,21
tt7959026,.,0,1
tt1068680,.,0,23
tt2024469,.,0,19
tt0120686,.,0,6
tt0427229,.,0,19
tt0454848,.,0,21
tt4877122,.,0,18
tt1570728,.,0,6
tt6294822,.,0,10
tt0120784,.,0,6
tt0112715,.,0,7
tt0448011,.,0,23
tt0377109,.,0,19
tt1389137,.,0,23
tt1210166,.,0,21
tt0388419,.,0,19
tt0114069,.,0,6
tt1075417,.,0,19
tt0356618,.,0,13
tt0400497,.,0,13
tt0300471,.,0,19
tt0381971,.,0,13
tt1605630,.,0,13
tt1428538,.,0,1
tt1464540,.,0,18
tt0250797,.,0,6
tt3532216,.,0,1
tt0365737,.,0,6
tt0318627,.,0,1
tt2262227,.,0,23
tt0118548,.,0,6
tt0408345,.,0,7
tt0119174,.,0,6
tt0119173,.,0,13
tt2106361,.,0,1
tt1872194,.,0,23
tt0384537,.,0,1
tt0191397,.,0,23
tt0120768,.,0,6
tt2005151,.,0,1
tt0109254,.,0,23
tt0099700,.,0,16
tt0119874,.,0,23
tt0313443,.,0,23
tt0317198,.,0,7
tt0163978,.,0,23
tt0110725,.,0,13
tt1186367,.,0,1
tt0350028,.,0,13
tt3799694,.,0,1
tt0126916,.,0,23
tt0141109,.,0,7
tt1392197,.,0,7
tt0117765,.,0,13
tt1212419,.,0,1
tt0264935,.,0,23
tt0112401,.,0,6
tt5478478,.,0,20
tt1608290,.,0,13
tt0367959,.,0,1
tt0160916,.,0,23
tt1517260,.,0,1
tt0264395,.,0,23
tt2199571,.,0,23
tt0309377,.,0,23
tt0963178,.,0,1
tt0116225,.,0,7
tt0315297,.,0,23
tt5294550,.,0,23
tt0362270,.,0,20
tt0129167,.,0,17
tt1240982,.,0,23
tt1462041,.,0,23
tt1124037,.,0,1
tt1034032,.,0,13
tt0331933,.,0,7
tt0289992,.,0,23
tt1559547,.,0,23
tt0378109,.,0,13
tt0765443,.,0,10
tt0109190,.,0,11
tt0151137,.,0,6
tt0113010,.,0,12
tt1502404,.,0,23
tt0119592,.,0,23
tt0114345,.,0,23
tt0421054,.,0,13
tt0113451,.,0,7
tt0891592,.,0,13
tt0266452,.,0,23
tt4701724,.,0,13
tt0315824,.,0,13
tt0181151,.,0,23
tt1014763,.,0,20
tt1374992,.,0,20
tt0267804,.,0,13
tt1823672,.,0,1
tt0098987,.,0,11
tt1781769,.,0,10
tt0097576,.,0,21
tt0298130,.,0,19
tt0181865,.,0,21
tt0258000,.,0,6
tt0155267,.,0,6
tt7401588,.,0,23
tt0145681,.,0,6
tt0120188,.,0,6
tt0808510,.,0,23
tt0250687,.,0,13
tt0381849,.,0,21
tt0272152,.,0,13
tt0230030,.,0,7
tt0120780,.,0,6
tt0087089,.,0,11
tt0462499,.,0,1
tt1355631,.,0,17
tt0099422,.,0,19
tt2543164,.,0,8
tt0115798,.,0,23
tt0106220,.,0,7
tt0200027,.,0,13
tt0307479,.,0,23
tt1075747,.,0,13
tt0117002,.,0,23
tt0490215,.,0,10
tt0119738,.,0,6
tt0265029,.,0,19
tt0117731,.,0,21
tt0278504,.,0,6
tt1392214,.,0,21
tt0115956,.,0,6
tt0119528,.,0,19
tt0120623,.,0,19
tt1397280,.,0,19
tt0109813,.,0,19
tt0306047,.,0,19
tt0212346,.,0,19
tt4765284,.,0,13
tt0373051,.,0,19
tt0107798,.,0,6
tt0368933,.,0,19
tt0825232,.,0,23
tt0109446,.,0,6
tt1204342,.,0,19
tt0105112,.,0,6
tt0369735,.,0,7
tt0139654,.,0,21
tt3631112,.,0,1
tt0177789,.,0,13
tt0257106,.,0,19
tt0120611,.,0,13
tt0393162,.,0,6
tt1038919,.,0,23
tt0264472,.,0,23
tt0118615,.,0,19
tt0401855,.,0,1
tt0200550,.,0,23
tt0314331,.,0,21
tt0116669,.,0,23
tt0111255,.,0,13
tt1711525,.,0,23
tt0117918,.,0,11
tt0371724,.,0,19
tt0432021,.,0,1
tt0396592,.,0,7
tt1615065,.,0,1
tt0110997,.,0,23
tt1086772,.,0,23
tt0408985,.,0,7
tt0450232,.,0,23
tt0113419,.,0,11
tt0337921,.,0,1
tt0429589,.,0,13
tt0274166,.,0,1
tt0087182,.,0,11
tt0775552,.,0,7
tt0445922,.,0,11
tt0959337,.,0,10
tt0364970,.,0,13
tt0109836,.,0,6
tt0116421,.,0,13
tt0117108,.,0,13
tt0237572,.,0,11
tt0117331,.,0,7
tt0376108,.,0,7
tt1139328,.,0,10
tt0149624,.,0,13
tt0814022,.,0,12
tt0113987,.,0,6
tt1343727,.,0,1
tt0376136,.,0,23
tt0118956,.,0,11
tt3289724,.,0,23
tt1634122,.,0,7
tt1046997,.,0,11
tt0246464,.,0,23
tt0484740,.,0,20
tt0255477,.,0,12
tt0120107,.,0,7
tt0249516,.,0,12
tt1024648,.,0,8
tt0106977,.,0,21
tt0089880,.,0,19
tt0117665,.,0,21
tt1438254,.,0,7
tt0116731,.,0,23
tt2788710,.,0,1
tt0080855,.,0,15
tt2404463,.,0,19
tt0181536,.,0,11
tt0191754,.,0,13
tt0253867,.,0,13
tt5177088,.,0,1
tt3416532,.,0,10
tt0472399,.,0,23
tt0106918,.,0,6
tt1232829,.,0,19
tt0125439,.,0,6
tt0120630,.,0,6
tt0343135,.,0,23
tt0103859,.,0,11
tt0889583,.,0,1
tt0056937,.,0,15
tt2334871,.,0,1
tt1648179,.,0,7
tt0257756,.,0,13
tt0117057,.,0,11
tt1486185,.,0,23
tt0265349,.,0,23
tt0097742,.,0,11
tt1255919,.,0,7
tt1598828,.,0,7
tt0179626,.,0,13
tt0399295,.,0,6
tt0108255,.,0,7
tt0104412,.,0,23
tt1568338,.,0,1
tt1032751,.,0,12
tt0119640,.,0,7
tt0298203,.,0,6
tt0183790,.,0,13
tt0288045,.,0,7
tt1053810,.,0,12
tt0167404,.,0,2
tt0396269,.,0,6
tt1155076,.,0,18
tt2322441,I-1047,1,9
tt1041829,.,0,19
tt1800241,.,0,8
tt0349205,.,0,19
tt2872732,.,0,19
tt1091191,.,0,21
tt0096874,.,0,21
tt0150377,.,0,6
tt0338459,.,0,19
tt0117913,.,0,21
tt0104694,.,0,6
tt1285016,.,0,8
tt1135503,.,0,6
tt1001508,.,0,1
tt2869728,.,0,13
tt0362120,.,0,19
tt2561572,.,0,19
tt0134084,.,0,18
tt0099088,.,0,6
tt2140479,.,0,6
tt2096672,.,0,19
tt2203939,.,0,19
tt0103874,.,0,6
tt0397313,.,0,13
tt0134119,.,0,6
tt2361509,.,0,23
tt0104691,.,0,0
tt0350258,.,0,21
tt0401792,.,0,21
tt3682448,.,0,21
tt0443274,.,0,23
tt1155056,.,0,1
tt0256380,.,0,19
tt0102138,.,0,0
tt0421729,.,0,19
tt2119543,.,0,19
tt2119532,.,0,8
tt0236493,.,0,19
tt1144884,.,0,1
tt0974661,.,0,23
tt1401152,.,0,1
tt1226229,.,0,1
tt0348836,.,0,1
tt0159273,.,0,23
tt1189340,.,0,23
tt0358135,.,0,23
tt0445990,.,0,23
tt0765446,.,0,7
tt0122718,.,0,13
tt0120177,.,0,7
tt2170439,.,0,23
tt0245844,.,0,21
tt0482571,.,0,21
tt0410297,.,0,23
tt1424381,.,0,13
tt1462769,.,0,7
tt0093428,.,0,11
tt0472043,.,0,21
tt0758766,.,0,1
tt0091396,.,0,11
tt0363988,.,0,23
tt0397101,.,0,23
tt1742044,.,0,23
tt0866439,.,0,7
tt0119978,.,0,6
tt0104839,.,0,11
tt0118607,.,0,6
tt2557490,.,0,13
tt1622979,.,0,1
tt4218572,.,0,10
tt0332047,.,0,7
tt0758730,.,0,1
tt1956620,.,0,13
tt1262416,.,0,1
tt0110989,.,0,2
tt0174480,.,0,7
tt1092026,.,0,1
tt1694020,.,0,7
tt1657507,.,0,1
tt0134273,.,0,23
tt1590193,.,0,23
tt0162983,.,0,13
tt0101761,.,0,11
tt0130121,.,0,7
tt6663582,.,0,1
tt0223897,.,0,13
tt1334512,.,0,13
tt0817538,.,0,7
tt4572514,.,0,1
tt0111143,.,0,13
tt1129442,.,0,1
tt1126618,.,0,1
tt0430308,.,0,1
tt0160009,.,0,13
tt1661382,.,0,23
tt0163983,.,0,1
tt0294870,.,0,23
tt0129280,.,0,7
tt3486626,.,0,13
tt0116654,.,0,13
tt0246544,.,0,7
tt2592614,.,0,1
tt0467200,.,0,13
tt4481514,.,0,12
tt0230838,.,0,23
tt0444682,.,0,1
tt0479997,.,0,1
tt0110971,.,0,7
tt0120800,.,0,23
tt0269095,.,0,23
tt0132512,.,0,11
tt3522806,.,0,23
tt0329691,.,0,7
tt0432283,.,0,10
tt1308728,.,0,13
tt0114436,.,0,1
tt0115907,.,0,13
tt1430615,.,0,11
tt1649419,.,0,10
tt0763831,.,0,23
tt5390504,.,0,1
tt0422720,.,0,20
tt1846589,.,0,1
tt0208988,.,0,13
tt0113552,.,0,11
tt2387499,.,0,7
tt0282687,.,0,13
tt0093278,.,0,11
tt0104850,.,0,13
tt1129445,.,0,20
tt0450405,.,0,23
tt0363282,.,0,12
tt0120646,.,0,13
tt0375173,.,0,1
tt0295254,.,0,7
tt1111948,.,0,7
tt2515034,.,0,13
tt1188729,.,0,13
tt0266489,.,0,23
tt1413495,.,0,23
tt0081400,.,0,11
tt5360952,.,0,12
tt1976009,.,0,13
tt0283160,.,0,7
tt0189192,.,0,12
tt1706620,.,0,10
tt0448134,.,0,3
tt0110074,.,0,20
tt2513074,.,0,20
tt0091757,.,0,11
tt0361500,.,0,12
tt0455782,.,0,20
tt0457495,.,0,17
tt0357054,.,0,20
tt0452694,.,0,1
tt0086393,.,0,7
tt0490084,.,0,7
tt1142977,.,0,1
tt0117608,.,0,23
tt0379786,.,0,1
tt0465602,.,0,1
tt0312329,.,0,13
tt0232500,.,0,19
tt0256415,.,0,19
tt1142988,.,0,7
tt0111280,.,0,7
tt2091256,.,0,13
tt3450650,.,0,7
tt4501244,.,0,1
tt1067583,.,0,13
tt1055292,.,0,13
tt0174856,.,0,21
tt1411250,.,0,1
tt0125022,.,0,13
tt0278435,.,0,23
tt2304933,.,0,1
tt0465580,.,0,13
tt1979320,.,0,10
tt0225071,.,0,13
tt0279889,.,0,7
tt3829920,.,0,23
tt0116259,.,0,23
tt0905372,.,0,1
tt0202470,.,0,23
tt0118158,.,0,11
tt0970411,.,0,12
tt0119210,.,0,11
tt4971344,.,0,20
tt0193560,.,0,20
tt1586265,.,0,23
tt1560747,.,0,10
tt0469903,.,0,11
tt1099212,.,0,9
tt1723121,.,0,19
tt3076658,.,0,21
tt0840361,.,0,21
tt1564349,.,0,13
tt2704998,.,0,23
tt0887883,.,0,23
tt0337563,.,0,19
tt0410377,.,0,13
tt1292566,.,0,1
tt1385867,.,0,7
tt1161864,.,0,13
tt0482603,.,0,13
tt1243974,.,0,23
tt1517451,.,0,8
tt0251160,.,0,1
tt0181316,.,0,7
tt0086006,.,0,6
tt1231587,.,0,1
tt0118771,.,0,11
tt2978462,.,0,13
tt4682786,.,0,23
tt0266465,.,0,23
tt0184858,.,0,23
tt0120834,.,0,11
tt0116410,.,0,20
tt0119177,.,0,11
tt0141399,.,0,7
tt1316616,.,0,20
tt0325537,.,0,7
tt1396484,I-1090,1,5
tt1119646,I-1016,1,21
tt0878804,I-1019,1,21
tt0096895,.,0,2
tt0145660,.,0,9
tt1403865,.,0,21
tt0104714,.,0,6
tt0120812,.,0,19
tt2024432,.,0,19
tt0458352,.,0,6
tt1499658,.,0,19
tt0227538,.,0,19
tt3152624,I-1057,1,19
tt2140373,.,0,21
tt0079945,.,0,13
tt0478087,.,0,6
tt1033643,.,0,13
tt0101540,.,0,6
tt0116209,.,0,10
tt0785006,.,0,7
tt0372237,.,0,19
tt1758830,.,0,1
tt0119488,.,0,21
tt0405325,.,0,7
tt0119360,.,0,23
tt1179056,.,0,1
tt0209958,.,0,1
tt0114508,.,0,13
tt0437863,.,0,7
tt1028576,.,0,23
tt0120744,.,0,23
tt1632708,.,0,1
tt4438848,.,0,13
tt0453556,.,0,7
tt0316465,.,0,13
tt5052474,.,0,1
tt0976238,.,0,23
tt0104797,.,0,0
tt1029360,.,0,1
tt5664636,.,0,7
tt1413492,.,0,13
tt0417001,.,0,13
tt0762114,.,0,13
tt0119008,.,0,6
tt0467197,.,0,23
tt0120804,.,0,1
tt0335245,.,0,1
tt0491152,.,0,7
tt0762121,.,0,7
tt1637688,.,0,1
tt1212436,.,0,23
tt1616195,.,0,6
tt0186894,.,0,23
tt4560436,.,0,23
tt2967224,.,0,7
tt3322364,.,0,23
tt1615160,.,0,1
tt0376541,.,0,10
tt0111301,.,0,7
tt0265087,.,0,7
tt0253474,.,0,10
tt0397065,.,0,7
tt0120681,.,0,13
tt6306064,.,0,1
tt0790686,.,0,1
tt3717252,.,0,1
tt0238546,.,0,7
tt0880578,.,0,1
tt0100403,.,0,11
tt1600195,.,0,1
tt0080745,.,0,11
tt0426592,.,0,7
tt0124298,.,0,23
tt1712170,.,0,13
tt0300051,.,0,12
tt0119668,.,0,11
tt1473832,.,0,1
tt0252503,.,0,13
tt0104427,.,0,11
tt3553442,.,0,7
tt0327679,.,0,7
tt2679042,.,0,1
tt5776858,.,0,10
tt0443701,.,0,13
tt1547234,.,0,1
tt1235522,.,0,23
tt0361089,.,0,23
tt0185014,.,0,10
tt0257516,.,0,12
tt0841046,.,0,7
tt0240510,.,0,11
tt0492389,.,0,12
tt1904996,.,0,1
tt0360201,.,0,13
tt0211938,.,0,23
tt0891527,.,0,23
tt0099587,.,0,11
tt0478304,.,0,8
tt0244000,.,0,13
tt1540128,.,0,23
tt0383060,.,0,7
tt0120824,.,0,20
tt0962736,.,0,20
tt1742334,.,0,1
tt0120724,.,0,12
tt0365929,.,0,1
tt2358925,.,0,13
tt3488710,.,0,20
tt0414993,.,0,23
tt2304771,.,0,17
tt0450314,.,0,7
tt0304711,.,0,13
tt0401445,.,0,23
tt3381008,.,0,1
tt1758810,.,0,1
tt0280665,.,0,20
tt0120479,.,0,12
tt0309820,.,0,3
tt0105211,.,0,11
tt2980210,.,0,3
tt0120152,.,0,20
tt0091767,.,0,12
tt0134154,.,0,3
tt1656186,.,0,20
tt1674784,.,0,3
tt1093357,.,0,7
tt3890160,.,0,21
tt1790864,.,0,18
tt2726560,.,0,1
tt0106226,.,0,0
tt4073790,.,0,1
tt0163579,.,0,7
tt0138304,.,0,23
tt0167203,.,0,7
tt0082979,.,0,0
tt0104257,.,0,21
tt0208003,.,0,23
tt0242445,.,0,13
tt2823054,.,0,7
tt1800741,.,0,1
tt0417148,.,0,1
tt0330793,.,0,1
tt0204626,.,0,13
tt1656190,.,0,1
tt0483607,.,0,3
tt1817771,.,0,12
tt1478338,.,0,1
tt0976051,.,0,10
tt1931435,.,0,23
tt1655460,.,0,13
tt0319343,.,0,19
tt0117333,.,0,6
tt1245492,.,0,19
tt0281373,.,0,13
tt0457510,.,0,7
tt0096061,.,0,11
tt1135084,.,0,1
tt0945513,.,0,21
tt0145531,.,0,13
tt0203019,.,0,6
tt6791096,.,0,1
tt1464174,.,0,7
tt0106246,.,0,11
tt0481369,.,0,23
tt0078723,.,0,11
tt0418647,.,0,13
tt0399146,.,0,10
tt0790628,.,0,23
tt0114214,.,0,23
tt0323033,.,0,23
tt6628394,.,0,1
tt1322312,.,0,13
tt0163988,.,0,23
tt1053424,.,0,13
tt0372873,.,0,12
tt0115725,.,0,13
tt0118829,.,0,11
tt0150216,.,0,20
tt0452624,.,0,17
tt0078788,.,0,0
tt0453562,.,0,21
tt1907668,.,0,6
tt0113862,.,0,11
tt0089755,.,0,6
tt0079574,.,0,11
tt2278388,.,0,8
tt1524930,.,0,1
tt0099052,.,0,11
tt0186151,.,0,6
tt0252501,.,0,13
tt1244659,.,0,20
tt0113161,.,0,23
tt0087332,.,0,21
tt0114709,.,0,21
tt3104988,.,0,6
tt0299658,.,0,10
tt0142342,.,0,19
tt0252866,.,0,19
tt1606389,.,0,19
tt0111257,.,0,6
tt0099810,.,0,21
tt1327773,.,0,6
tt0210945,.,0,21
tt1136608,.,0,21
tt0364725,.,0,19
tt0101272,.,0,19
tt0112281,.,0,19
tt0247638,.,0,19
tt0122933,.,0,13
tt0116313,.,0,6
tt0405159,.,0,21
tt0114369,.,0,21
tt0327056,.,0,21
tt1850457,.,0,13
tt1193138,.,0,10
tt0332280,.,0,21
tt1114677,.,0,1
tt0988595,.,0,19
tt0213203,.,0,7
tt1959563,.,0,1
tt0102713,.,0,11
tt0430105,.,0,13
tt0110322,.,0,21
tt1276104,.,0,6
tt1588173,.,0,1
tt0257360,.,0,10
tt1821658,.,0,13
tt0231775,.,0,13
tt0112431,.,0,11
tt1535438,.,0,23
tt0800039,.,0,1
tt0390022,.,0,13
tt0097481,.,0,7
tt0871426,.,0,13
tt0119313,.,0,7
tt0901476,.,0,7
tt0364751,.,0,12
tt1605783,.,0,21
tt4555426,.,0,10
tt0312004,.,0,19
tt0431308,.,0,13
tt0121164,.,0,23
tt5619332,.,0,7
tt0892318,.,0,1
tt0221027,.,0,21
tt0139462,.,0,13
tt1798684,.,0,23
tt0098382,.,0,13
tt2406566,.,0,1
tt0308506,.,0,7
tt0110622,.,0,7
tt0783233,.,0,8
tt0090264,.,0,6
tt0376105,.,0,7
tt3397884,.,0,10
tt0096933,.,0,6
tt0093058,.,0,0
tt1259528,.,0,1
tt0383010,.,0,13
tt2911666,.,0,1
tt0385726,.,0,11
tt1655441,.,0,13
tt1193631,.,0,1
tt1127180,.,0,1
tt0327137,.,0,13
tt0420223,.,0,23
tt0993842,.,0,13
tt0300532,.,0,7
tt0389722,.,0,1
tt0091419,.,0,11
tt0421206,.,0,23
tt0095631,.,0,11
tt1073498,.,0,12
tt0093894,.,0,11
tt2404311,.,0,23
tt6802308,.,0,1
tt1583420,.,0,23
tt1939659,.,0,1
tt0446046,.,0,13
tt1137450,.,0,23
tt1674771,.,0,7
tt0161083,.,0,23
tt2053463,.,0,1
tt0472033,.,0,7
tt2377322,.,0,1
tt2473602,.,0,23
tt4209788,.,0,10
tt1195478,.,0,7
tt1449283,.,0,7
tt0329028,.,0,12
tt4537896,.,0,23
tt0114857,.,0,23
tt0120776,.,0,11
tt0881320,.,0,1
tt0465624,.,0,7
tt0339412,.,0,7
tt1458175,.,0,23
tt6421110,.,0,12
tt2072233,.,0,23
tt0361841,.,0,13
tt0398712,.,0,20
tt2364841,.,0,1
tt0120008,.,0,7
tt4849438,.,0,10
tt0370032,.,0,12
tt0395972,.,0,13
tt1438176,.,0,1
tt5109784,.,0,10
tt2080374,.,0,10
tt0271367,.,0,7
tt0116320,.,0,7
tt0327247,.,0,13
tt0091225,.,0,12
tt0482572,.,0,13
tt0402901,.,0,12
tt0335121,.,0,12
tt0318283,.,0,12
tt0324554,.,0,13
tt0402399,.,0,20
tt0765447,.,0,17
tt1549920,.,0,1
tt0120710,.,0,11
tt0131646,.,0,7
tt4513674,.,0,3
tt0218817,.,0,13
tt2101341,.,0,20
tt1098327,.,0,7
tt0361620,.,0,12
tt0350261,.,0,20
tt3922818,.,0,1
tt1054606,.,0,3
tt0280380,.,0,23
tt6017942,.,0,12
tt0087843,.,0,15
tt3881784,.,0,20
tt0120683,.,0,12
tt4154916,.,0,17
tt0443680,.,0,10
tt0379889,.,0,20
tt0403016,.,0,7
tt0482546,.,0,20
tt1586752,.,0,20
tt2231253,.,0,20
tt2814362,.,0,3
tt1935194,.,0,17
tt2126235,.,0,23
tt2848292,I-1050,1,19
tt0358273,.,0,21
tt6781982,.,0,7
tt2702724,.,0,7
tt0114746,.,0,21
tt0285823,.,0,13
tt0171433,.,0,13
tt5439796,.,0,1
tt4136084,.,0,10
tt0870111,.,0,10
tt0387575,.,0,12
tt0261289,.,0,7
tt0270288,.,0,20
tt1127896,.,0,20
tt0092804,.,0,15
tt0140397,.,0,20
tt0366627,.,0,13
tt0103639,.,0,21
tt0087469,.,0,21
tt1398426,I-1059,1,21
tt3564472,.,0,6
tt0134067,.,0,7
tt0095016,.,0,0
tt0164334,.,0,7
tt6359956,.,0,1
tt1702439,.,0,1
tt1596363,.,0,21
tt0430922,.,0,7
tt1698641,.,0,7
tt0349825,.,0,21
tt1204975,.,0,23
tt0209475,.,0,23
tt0363547,.,0,1
tt0082398,.,0,11
tt2854926,.,0,7
tt0265666,.,0,21
tt0309698,.,0,13
tt0240890,.,0,23
tt1250777,.,0,1
tt0196229,.,0,23
tt0111438,.,0,23
tt0481141,.,0,23
tt0107120,.,0,11
tt0414387,.,0,10
tt1622547,.,0,7
tt0219653,.,0,23
tt0083658,.,0,0
tt0114287,.,0,23
tt2172934,.,0,23
tt1650554,.,0,13
tt0498399,.,0,23
tt0365907,.,0,23
tt1273678,.,0,13
tt1430612,.,0,12
tt0397078,.,0,7
tt0160484,.,0,7
tt3316948,.,0,13
tt1374989,.,0,7
tt0120133,.,0,19
tt1018765,.,0,23
tt0119485,.,0,15
tt0455538,.,0,20
tt0478311,.,0,19
tt0086034,.,0,11
tt1078588,.,0,23
tt0494652,.,0,7
tt1710396,.,0,7
tt0087892,.,0,15
tt0465551,.,0,10
tt0804522,.,0,23
tt1521197,.,0,17
tt1219289,.,0,23
tt0102975,.,0,13
tt0119468,.,0,23
tt0080455,.,0,0
tt0110213,.,0,11
tt1018785,.,0,7
tt2241351,.,0,23
tt0276751,.,0,20
tt0139414,.,0,23
tt0425210,.,0,20
tt0086197,.,0,15
tt0118929,.,0,20
tt0864761,.,0,17
tt0373908,.,0,13
tt0089908,.,0,11
tt0120769,.,0,23
tt0324127,.,0,13
tt0415965,.,0,12
tt0155711,.,0,11
tt0486674,.,0,20
tt0340376,.,0,20
tt1114740,.,0,7
tt0322330,.,0,19
tt0405422,.,0,6
tt0138097,.,0,10
tt0099938,.,0,11
tt0910936,.,0,19
tt0107818,.,0,0
tt0120631,.,0,13
tt0099582,.,0,11
tt0316356,.,0,6
tt0421239,.,0,1
tt1598822,.,0,1
tt0075784,.,0,15
tt1980209,.,0,23
tt0309593,.,0,1
tt0190590,.,0,11
tt0385267,.,0,23
tt1038686,.,0,7
tt1212450,.,0,13
tt0157472,.,0,7
tt0090022,.,0,11
tt0765010,.,0,13
tt1972779,.,0,7
tt0358349,.,0,12
tt1798603,.,0,12
tt0218922,.,0,23
tt1486192,.,0,1
tt0361925,.,0,13
tt2140379,.,0,23
tt0256524,.,0,12
tt1837703,.,0,1
tt1747958,.,0,20
tt0116322,.,0,7
tt0387131,.,0,10
tt1175491,.,0,17
tt0335345,.,0,5
tt0107614,.,0,19
tt0095953,.,0,0
tt1454029,.,0,8
tt4846340,I-1082,1,21
tt1205489,.,0,21
tt1408253,.,0,19
tt0103855,.,0,6
tt0108052,.,0,8
tt0333780,.,0,13
tt0331632,.,0,13
tt0357413,.,0,19
tt0329101,.,0,1
tt0398808,.,0,6
tt0268397,.,0,7
tt1060277,.,0,19
tt0989757,.,0,13
tt0103060,.,0,19
tt1047540,.,0,7
tt0094226,.,0,0
tt0477348,.,0,8
tt0243155,.,0,17
tt0241303,.,0,20
tt1411238,.,0,13
tt1524137,.,0,1
tt1753383,.,0,23
tt1327194,.,0,1
tt0108358,.,0,21
tt0165929,.,0,13
tt0466909,.,0,1
tt0414982,.,0,1
tt1787759,.,0,12
tt0308644,.,0,21
tt0382077,.,0,23
tt0090859,.,0,12
tt0852713,.,0,7
tt0313911,.,0,7
tt0099685,.,0,0
tt0435651,.,0,13
tt0086250,.,0,0
tt0119807,.,0,13
tt0093389,.,0,0
tt3530002,.,0,23
tt0106400,.,0,7
tt0274558,.,0,10
tt0119695,.,0,11
tt0469494,.,0,8
tt0282120,.,0,13
tt0337711,.,0,7
tt0403508,.,0,7
tt0279493,.,0,7
tt1322269,.,0,23
tt0271027,.,0,13
tt1647668,.,0,1
tt0388500,.,0,7
tt0286788,.,0,7
tt6850820,.,0,1
tt0452625,.,0,12
tt0306685,.,0,7
tt0454945,.,0,7
tt2039393,.,0,23
tt0453451,.,0,1
tt4824302,.,0,13
tt0144120,.,0,13
tt3401882,.,0,7
tt0426931,.,0,13
tt0366174,.,0,1
tt1366344,.,0,7
tt0127536,.,0,10
tt0066473,.,0,16
tt2223990,.,0,1
tt0111161,.,0,8
tt0498381,.,0,1
tt1153706,.,0,7
tt0231402,.,0,7
tt0116778,.,0,11
tt0396652,.,0,12
tt0480255,.,0,23
tt1082601,.,0,20
tt0499556,.,0,1
tt0391304,.,0,7
tt0124718,.,0,11
tt1034389,.,0,1
tt2872750,.,0,3
tt1633356,.,0,12
tt0493405,.,0,23
tt0272338,.,0,10
tt0356150,.,0,7
tt1966359,.,0,12
tt0963794,.,0,12
tt2461150,.,0,23
tt2193215,.,0,13
tt0488658,.,0,12
tt2328900,.,0,3
tt0094799,.,0,11
tt0297162,.,0,12
tt0115472,.,0,12
tt0388980,.,0,11
tt0362478,.,0,13
tt0156841,.,0,7
tt0872230,.,0,12
tt0265208,.,0,7
tt0486321,.,0,17
tt0117011,.,0,7
tt0265808,.,0,12
tt0787475,.,0,7
tt1291584,.,0,10
tt0145653,.,0,11
tt4622512,.,0,20
tt1792647,.,0,3
tt2006295,.,0,13
tt0089489,.,0,11
tt0289408,.,0,7
tt0090728,.,0,11
tt0117039,.,0,20
tt0489281,.,0,20
tt0107007,.,0,15
tt0267248,.,0,7
tt0999913,.,0,13
tt0120620,.,0,11
tt0256276,.,0,20
tt0117104,.,0,7
tt0102984,.,0,13
tt0898367,.,0,10
tt1226837,.,0,3
tt0088103,.,0,11
tt0373416,.,0,12
tt0239949,.,0,12
tt0412080,.,0,3
tt0800240,.,0,1
tt0114614,.,0,12
tt0388183,.,0,12
tt0861689,.,0,3
tt5314190,.,0,3
tt1692486,.,0,20
tt0491203,.,0,17
tt3569230,.,0,20
tt1095217,.,0,3
tt2140037,.,0,20
tt0428251,.,0,12
tt0373450,.,0,20
tt0119934,.,0,11
tt0337692,.,0,20
tt1125929,.,0,20
tt2071441,.,0,3
tt0092007,.,0,13
tt0120082,.,0,19
tt0302886,.,0,13
tt0479143,.,0,1
tt2239832,.,0,13
tt2671706,.,0,10
tt0190138,.,0,13
tt1068242,.,0,23
tt2568862,.,0,23
tt0102685,.,0,11
tt0101889,.,0,0
tt0130018,.,0,7
tt0465494,.,0,1
tt0064418,.,0,15
tt0122459,.,0,11
tt1234548,.,0,23
tt1007028,.,0,23
tt0238948,.,0,12
tt0172493,.,0,11
tt0171580,.,0,23
tt0464154,.,0,23
tt1433108,.,0,1
tt0078504,.,0,15
tt0335559,.,0,7
tt0158811,.,0,7
tt0217756,.,0,7
tt1100089,.,0,10
tt1742650,.,0,12
tt0196857,.,0,23
tt1833673,.,0,17
tt0363473,.,0,20
tt0120645,.,0,12
tt1156398,.,0,21
tt0120484,.,0,19
tt0102510,.,0,7
tt6966692,.,0,8
tt0112442,.,0,11
tt0884732,.,0,13
tt0195714,.,0,1
tt0074751,.,0,11
tt1124035,.,0,23
tt0134847,.,0,13
tt5580266,.,0,10
tt0244970,.,0,23
tt0206314,.,0,1
tt0241025,.,0,17
tt0198386,.,0,12
tt0116999,.,0,20
tt0360139,.,0,12
tt1091751,.,0,12
tt0172396,.,0,20
tt0102005,.,0,11
tt0478134,.,0,23
tt1179258,.,0,17
tt1893256,.,0,3
tt0094012,.,0,11
tt0450385,.,0,1
tt4550098,.,0,10
tt3007512,.,0,20
tt0099653,.,0,6
tt0129387,.,0,6
tt0111070,.,0,19
tt5814060,.,0,19
tt0492956,.,0,19
tt0265662,.,0,11
tt0112579,.,0,21
tt3210686,.,0,1
tt0255798,.,0,13
tt2980648,.,0,7
tt0083987,.,0,0
tt0320691,.,0,13
tt0113957,.,0,23
tt2023453,.,0,7
tt0277027,.,0,20
tt0398017,.,0,1
tt1130080,.,0,23
tt2387559,.,0,23
tt0475290,.,0,23
tt0261392,.,0,1
tt0108101,.,0,15
tt0988047,.,0,20
tt0367652,.,0,7
tt6003368,.,0,7
tt0951216,.,0,12
tt2312718,.,0,23
tt0465502,.,0,12
tt0239948,.,0,7
tt0162677,.,0,11
tt0221218,.,0,13
tt2938956,.,0,12
tt0080934,.,0,11
tt0236348,.,0,12
tt2150592,.,0,12
tt0192255,.,0,12
tt0356721,.,0,17
tt6000478,.,0,20
tt1206543,.,0,1
tt0107978,.,0,12
tt0160236,.,0,12
tt5721088,.,0,12
tt0065611,.,0,15
tt1726592,.,0,20
tt1423995,.,0,20
tt0076740,.,0,15
tt0796335,.,0,17
tt0465538,.,0,10
tt0137363,.,0,20
tt0117119,.,0,13
tt1859650,.,0,3
tt1045658,.,0,8
tt2531344,.,0,7
tt0158983,.,0,21
tt0083943,.,0,11
tt1321509,.,0,7
tt0108308,.,0,7
tt0180734,.,0,23
tt1405500,.,0,11
tt0463998,.,0,13
tt1458169,.,0,12
tt0293662,.,0,1
tt1023111,.,0,23
tt1340800,.,0,10
tt0120596,.,0,7
tt0144814,.,0,12
tt1027862,.,0,23
tt1176740,.,0,20
tt0179098,.,0,23
tt1321860,.,0,20
tt3182620,.,0,3
tt0143746,.,0,12
tt0120907,.,0,20
tt0083642,.,0,11
tt0454919,.,0,12
tt0082971,.,0,21
tt0101414,.,0,21
tt0104431,.,0,19
tt0075860,.,0,0
tt0092644,.,0,19
tt3783958,.,0,8
tt1457767,.,0,21
tt0305669,.,0,19
tt2543472,.,0,21
tt0102926,.,0,21
tt0105793,.,0,19
tt1116184,.,0,19
tt4651520,.,0,13
tt0077766,.,0,11
tt1014775,.,0,19
tt2103254,.,0,13
tt0368578,.,0,7
tt1033575,.,0,10
tt0332379,.,0,6
tt0486822,.,0,13
tt0106965,.,0,11
tt5325452,.,0,7
tt0113855,.,0,7
tt0381707,.,0,7
tt1198138,.,0,7
tt0311289,.,0,13
tt1294226,.,0,7
tt1391137,.,0,7
tt2872518,.,0,13
tt2024544,.,0,8
tt2674426,.,0,1
tt3628584,.,0,13
tt0099487,.,0,0
tt7040874,.,0,1
tt0081353,.,0,11
tt0466342,.,0,7
tt0477071,.,0,23
tt0357507,.,0,12
tt0220099,.,0,7
tt1895587,.,0,8
tt6063050,.,0,12
tt3369806,.,0,13
tt1047494,.,0,13
tt1148204,.,0,1
tt4587656,.,0,7
tt0799949,.,0,7
tt0947802,.,0,23
tt0433386,.,0,7
tt3531824,.,0,13
tt0082198,.,0,6
tt0120703,.,0,13
tt0101452,.,0,11
tt0483726,.,0,23
tt3231054,.,0,7
tt1666186,.,0,7
tt0078869,.,0,11
tt1440728,.,0,1
tt0120094,.,0,11
tt1268799,.,0,7
tt0338013,.,0,8
tt1572315,.,0,1
tt0449467,.,0,10
tt1371150,.,0,7
tt0918927,.,0,10
tt0372588,.,0,1
tt0112722,.,0,11
tt0815236,.,0,7
tt1013753,.,0,10
tt0064782,.,0,15
tt0288477,.,0,7
tt0200465,.,0,17
tt0120890,.,0,13
tt0814335,.,0,7
tt0146882,.,0,6
tt0430634,.,0,23
tt0479968,.,0,12
tt0116260,.,0,11
tt0421073,.,0,23
tt1213663,.,0,10
tt0116367,.,0,13
tt1414382,.,0,13
tt0479500,.,0,12
tt4669788,.,0,17
tt2318092,.,0,13
tt0475944,.,0,7
tt1067774,.,0,7
tt0441796,.,0,7
tt4799050,.,0,1
tt0155975,.,0,13
tt0102744,.,0,11
tt0114681,.,0,20
tt1100119,.,0,12
tt0120877,.,0,7
tt0800308,.,0,3
tt1741273,.,0,23
tt0403703,.,0,12
tt0490204,.,0,23
tt1046163,.,0,12
tt0791304,.,0,7
tt0083254,.,0,11
tt0089457,.,0,11
tt0758758,.,0,10
tt0124879,.,0,11
tt0407121,.,0,7
tt0462519,.,0,7
tt0113321,.,0,11
tt1730768,.,0,20
tt1083456,.,0,12
tt0373074,.,0,10
tt0276033,.,0,7
tt2039338,.,0,7
tt0455760,.,0,12
tt0315733,.,0,10
tt0913354,.,0,13
tt0419887,.,0,3
tt0338325,.,0,7
tt0295289,.,0,13
tt0059245,.,0,15
tt0217630,.,0,7
tt0119594,.,0,23
tt1232207,.,0,3
tt1592525,.,0,1
tt1213644,.,0,12
tt0770703,.,0,7
tt0120483,.,0,11
tt2503944,.,0,13
tt0326856,.,0,23
tt0430431,.,0,17
tt0109348,.,0,20
tt0995039,.,0,20
tt0258068,.,0,20
tt1712261,.,0,23
tt2547584,.,0,20
tt0384680,.,0,23
tt0281322,.,0,20
tt1160368,.,0,7
tt1228987,.,0,10
tt0109015,.,0,12
tt0799934,.,0,17
tt0413015,.,0,17
tt0118954,.,0,17
tt0144640,.,0,13
tt0098625,.,0,11
tt0116242,.,0,20
tt0804461,.,0,13
tt3960412,.,0,7
tt2776878,.,0,11
tt0780511,.,0,23
tt0270846,.,0,12
tt1532958,.,0,12
tt2865120,.,0,7
tt0795368,.,0,17
tt0399327,.,0,12
tt0462229,.,0,12
tt1791528,.,0,10
tt2002718,.,0,1
tt0065054,.,0,15
tt0763304,.,0,12
tt0377107,.,0,20
tt1190617,.,0,12
tt0310357,.,0,17
tt0489282,.,0,7
tt1810683,.,0,20
tt0151568,.,0,15
tt1629757,.,0,11
tt2937898,.,0,10
tt1571222,.,0,10
tt0405296,.,0,20
tt0976222,.,0,20
tt0369226,.,0,12
tt0337876,.,0,17
tt1781827,.,0,20
tt1092082,.,0,3
tt1054588,.,0,11
tt1366365,.,0,12
tt0383028,.,0,17
tt1034415,.,0,10
tt3719896,.,0,20
tt0080492,.,0,3
tt0266747,.,0,12
tt0238380,.,0,20
tt1520498,.,0,12
tt0889588,.,0,20
tt0138946,.,0,20
tt1175709,.,0,20
tt3707106,.,0,3
tt0354595,.,0,20
tt0110944,.,0,11
tt1274300,.,0,17
tt0940709,.,0,17
tt3319920,.,0,3
tt5580390,.,0,8
tt0446755,.,0,3
tt1270262,.,0,17
tt0088763,.,0,21
tt0099348,.,0,0
tt0175142,.,0,19
tt1284575,.,0,19
tt1700841,.,0,19
tt0098273,.,0,6
tt0305711,.,0,13
tt1385912,.,0,13
tt0356470,.,0,7
tt0081505,.,0,0
tt0185371,.,0,7
tt0455407,.,0,1
tt0472198,.,0,20
tt8097306,.,0,7
tt0889573,.,0,23
tt1216492,.,0,13
tt0816442,.,0,10
tt0452623,.,0,10
tt0205461,.,0,12
tt1838544,.,0,12
tt1135985,.,0,12
tt0120670,.,0,12
tt0810922,.,0,12
tt1870529,.,0,7
tt6495770,.,0,12
tt0107719,.,0,11
tt0116745,.,0,17
tt0384806,.,0,1
tt0268126,.,0,10
tt1058017,.,0,23
tt0120669,.,0,11
tt2004420,.,0,19
tt0443453,.,0,10
tt0110475,.,0,19
tt0094737,.,0,11
tt0250494,.,0,19
tt0377092,.,0,19
tt0088170,.,0,13
tt0404032,.,0,1
tt0205000,.,0,13
tt0337579,.,0,23
tt0356680,.,0,23
tt0307987,.,0,13
tt0093773,.,0,21
tt3760922,.,0,7
tt3862750,.,0,12
tt0118655,.,0,7
tt1650043,.,0,7
tt0086879,.,0,0
tt0926129,.,0,7
tt1596346,.,0,11
tt0328589,.,0,11
tt7334528,.,0,12
tt2562232,.,0,8
tt0091738,.,0,11
tt0280707,.,0,10
tt0273923,.,0,7
tt2334873,.,0,10
tt0475276,.,0,10
tt0322589,.,0,7
tt0432291,.,0,13
tt0117723,.,0,7
tt3623726,.,0,12
tt0097441,.,0,0
tt0087078,.,0,11
tt2279339,.,0,23
tt0065528,.,0,16
tt1197628,.,0,13
tt0081398,.,0,15
tt0899106,.,0,7
tt1016075,.,0,12
tt4287320,.,0,1
tt0090357,.,0,11
tt1542344,.,0,10
tt0196216,.,0,11
tt0210616,.,0,11
tt1594972,.,0,12
tt0337917,.,0,12
tt2357129,.,0,20
tt0264796,.,0,20
tt2465146,.,0,12
tt1032815,.,0,7
tt0082085,.,0,15
tt0236784,.,0,20
tt0082648,.,0,11
tt2167202,.,0,12
tt0119349,.,0,20
tt0340012,.,0,3
tt0098519,.,0,11
tt0082288,.,0,11
tt0109707,.,0,20
tt1032755,.,0,20
tt0084316,.,0,12
tt0116477,.,0,15
tt0114272,.,0,20
tt2649554,.,0,20
tt4540710,.,0,20
tt2172935,.,0,3
tt0313792,.,0,20
tt0118040,.,0,11
tt2763304,.,0,3
tt0090568,.,0,11
tt1922685,.,0,17
tt0235737,.,0,20
tt0120775,.,0,17
tt0386741,.,0,3
tt1403241,.,0,17
tt0089893,.,0,11
tt1748179,.,0,17
tt0829482,.,0,21
tt1142800,.,0,13
tt1023481,.,0,7
tt0395169,.,0,10
tt0486551,.,0,12
tt1425922,.,0,13
tt6644200,I-1096,1,2
tt0230600,.,0,21
tt0090605,.,0,21
tt1924435,.,0,7
tt0119345,.,0,1
tt0058385,.,0,0
tt0375063,.,0,8
tt2083355,.,0,23
tt0758746,.,0,1
tt1981677,.,0,20
tt1288558,.,0,1
tt2097298,.,0,23
tt4649416,.,0,7
tt0454841,.,0,1
tt0243736,.,0,13
tt0120770,.,0,7
tt1152398,.,0,7
tt0084827,.,0,11
tt0979434,.,0,7
tt0325258,.,0,7
tt0466856,.,0,11
tt0234829,.,0,13
tt0462395,.,0,12
tt0094074,.,0,7
tt0159421,.,0,11
tt0056800,.,0,15
tt0865559,.,0,12
tt0465142,.,0,23
tt0404390,.,0,20
tt1433822,.,0,12
tt0375104,.,0,20
tt0091934,.,0,12
tt0083001,.,0,11
tt0312549,.,0,20
tt1703957,.,0,20
tt1002563,.,0,12
tt0422295,.,0,3
tt0102492,.,0,11
tt0094291,.,0,16
tt0114388,.,0,0
tt0443543,.,0,10
tt0416508,.,0,20
tt0315983,.,0,20
tt0815244,.,0,17
tt0097165,.,0,0
tt0098635,.,0,0
tt0215129,.,0,13
tt0084855,.,0,0
tt0139699,.,0,11
tt1748122,.,0,10
tt1655442,.,0,8
tt1139668,.,0,12
tt0295427,.,0,7
tt0420294,.,0,1
tt1265990,.,0,12
tt0425430,.,0,13
tt0087553,.,0,0
tt0250720,.,0,7
tt0101764,.,0,11
tt0255819,.,0,11
tt0245686,.,0,7
tt0430770,.,0,23
tt0425112,.,0,20
tt0497465,.,0,10
tt0204175,.,0,12
tt7690670,.,0,7
tt0110413,.,0,11
tt1403981,.,0,3
tt0283139,.,0,11
tt1131734,.,0,7
tt0186045,.,0,7
tt0093818,.,0,15
tt0319524,.,0,12
tt2467046,.,0,12
tt0367085,.,0,7
tt0095687,.,0,11
tt1716777,.,0,23
tt0139809,.,0,11
tt0079550,.,0,11
tt0091203,.,0,11
tt1620935,.,0,20
tt0278823,.,0,12
tt0134630,.,0,11
tt0165710,.,0,12
tt0469623,.,0,20
tt2398231,.,0,3
tt1924429,.,0,3
tt0120207,.,0,12
tt0384686,.,0,3
tt0436364,.,0,17
tt1545106,.,0,17
tt2126357,.,0,13
tt0247444,.,0,12
tt0273435,.,0,3
tt2935476,.,0,17
tt0439815,.,0,1
tt0099785,.,0,21
tt0086960,.,0,6
tt0092099,.,0,6
tt0084805,.,0,0
tt1504320,.,0,8
tt0169547,.,0,8
tt0190332,.,0,8
tt0096320,.,0,23
tt0117571,.,0,1
tt5140878,.,0,1
tt0077663,.,0,11
tt0088939,.,0,0
tt2084970,.,0,8
tt0094721,.,0,0
tt0052618,.,0,0
tt1179933,.,0,1
tt2023587,.,0,1
tt0081375,.,0,11
tt0080549,.,0,0
tt0093409,.,0,0
tt1196141,.,0,7
tt0373883,.,0,1
tt0436697,.,0,10
tt0906108,.,0,7
tt1596365,.,0,1
tt0110367,.,0,11
tt7349662,.,0,8
tt0455857,.,0,7
tt0265298,.,0,7
tt0118887,.,0,23
tt0120885,.,0,20
tt0882977,.,0,23
tt0306841,.,0,7
tt3850590,.,0,23
tt1855199,.,0,23
tt0133751,.,0,11
tt0108551,.,0,11
tt0277371,.,0,13
tt2305051,.,0,10
tt0056172,.,0,0
tt2980516,.,0,10
tt0780504,.,0,8
tt0192614,.,0,13
tt5083738,.,0,8
tt0328099,.,0,13
tt0881891,.,0,13
tt0198021,.,0,13
tt0844708,.,0,1
tt0317132,.,0,23
tt0372532,.,0,23
tt0093779,.,0,0
tt0220506,.,0,12
tt0427309,.,0,11
tt2247476,.,0,7
tt0082186,.,0,11
tt0361467,.,0,13
tt0120772,.,0,23
tt0463854,.,0,17
tt0119229,.,0,23
tt5719700,.,0,13
tt0229260,.,0,12
tt0118749,.,0,10
tt0493949,.,0,13
tt2402157,.,0,1
tt0115963,.,0,11
tt0416320,.,0,10
tt0107943,.,0,15
tt0107711,.,0,12
tt0192731,.,0,12
tt0434215,.,0,7
tt4139124,.,0,7
tt1555064,.,0,20
tt0283084,.,0,11
tt0419946,.,0,12
tt0134619,.,0,12
tt0118715,.,0,23
tt1972571,.,0,3
tt1258972,.,0,12
tt0087262,.,0,11
tt1764234,.,0,1
tt0240515,.,0,12
tt1563738,.,0,17
tt0352277,.,0,20
tt1172233,.,0,3
tt0144964,.,0,12
tt4276820,.,0,20
tt0417225,.,0,11
tt0310910,.,0,23
tt0164108,.,0,12
tt0120598,.,0,12
tt0097965,.,0,11
tt0119304,.,0,13
tt0195778,.,0,7
tt0361696,.,0,7
tt0088846,.,0,15
tt0106664,.,0,11
tt0829459,.,0,3
tt0085271,.,0,11
tt4341582,.,0,20
tt0202402,.,0,7
tt0278500,.,0,17
tt0166252,.,0,11
tt0453494,.,0,7
tt3203606,.,0,10
tt0780536,.,0,10
tt0166924,.,0,10
tt5834262,.,0,17
tt1031969,.,0,13
tt1142433,.,0,12
tt1178663,.,0,3
tt0163676,.,0,12
tt0120716,.,0,11
tt0373469,.,0,23
tt0138510,.,0,7
tt1727776,.,0,12
tt0397044,.,0,17
tt1182350,.,0,3
tt3164256,.,0,23
tt1334260,.,0,3
tt2364897,.,0,12
tt0335013,.,0,3
tt0800241,.,0,20
tt0142201,.,0,11
tt0090848,.,0,11
tt0165773,.,0,17
tt0295526,.,0,3
tt0114660,.,0,11
tt1020558,.,0,3
tt0805570,.,0,20
tt1535612,.,0,3
tt0484111,.,0,3
tt1487931,.,0,3
tt0107048,.,0,0
tt2268016,.,0,1
tt0117509,.,0,6
tt0105695,.,0,21
tt0100405,.,0,6
tt0093010,.,0,6
tt1010048,.,0,8
tt0072308,.,0,15
tt0096969,.,0,15
tt0106611,.,0,11
tt0775539,.,0,12
tt1179891,.,0,1
tt0431021,.,0,1
tt0083944,.,0,11
tt0076752,.,0,15
tt0146336,.,0,7
tt0083169,.,0,11
tt0103247,.,0,11
tt0094947,.,0,0
tt0167427,.,0,12
tt0107840,.,0,11
tt0298388,.,0,12
tt0278295,.,0,12
tt0076009,.,0,11
tt1305583,.,0,12
tt0114825,.,0,12
tt0270980,.,0,12
tt0971209,.,0,20
tt0117894,.,0,7
tt0118301,.,0,12
tt0120857,.,0,20
tt0076451,.,0,15
tt0109504,.,0,11
tt0770772,.,0,20
tt2637294,.,0,7
tt0308055,.,0,17
tt0192111,.,0,12
tt1663143,.,0,12
tt0404203,.,0,10
tt0176783,.,0,12
tt0120613,.,0,3
tt0437232,.,0,20
tt2473794,.,0,10
tt0218619,.,0,12
tt0113463,.,0,11
tt0817177,.,0,20
tt0077296,.,0,15
tt0981072,.,0,20
tt0466893,.,0,17
tt0388795,.,0,8
tt0112697,.,0,11
tt1106860,.,0,3
tt0100758,.,0,19
tt0049833,.,0,0
tt0859635,.,0,7
tt0297884,.,0,10
tt1931533,.,0,20
tt0180073,.,0,10
tt0083678,.,0,11
tt0182000,.,0,3
tt2011159,.,0,12
tt0093105,.,0,11
tt0947798,.,0,8
tt0206275,.,0,13
tt1702443,.,0,7
tt6133466,.,0,1
tt4257926,.,0,13
tt0184907,.,0,7
tt0289879,.,0,21
tt0071562,.,0,0
tt4052882,.,0,1
tt0093870,.,0,0
tt0095742,.,0,12
tt0937375,.,0,23
tt1826590,.,0,13
tt0242423,.,0,13
tt0096487,.,0,11
tt2170593,.,0,20
tt2183034,.,0,12
tt0147800,.,0,13
tt0241760,.,0,12
tt0107659,.,0,7
tt0118665,.,0,7
tt0120609,.,0,7
tt0099253,.,0,12
tt0116493,.,0,11
tt0884328,.,0,1
tt0120601,.,0,10
tt0269341,.,0,12
tt1814621,.,0,12
tt1659337,.,0,10
tt0250224,.,0,11
tt0120577,.,0,13
tt3170832,.,0,10
tt4183692,.,0,3
tt0498380,.,0,10
tt0120654,.,0,7
tt3863552,.,0,10
tt0111127,.,0,17
tt0172726,.,0,11
tt0258470,.,0,7
tt7545524,.,0,17
tt0416185,.,0,20
tt3312830,.,0,10
tt0116269,.,0,11
tt1524575,.,0,3
tt0419749,.,0,3
tt0104215,.,0,12
tt0420609,.,0,20
tt1478964,.,0,3
tt3802576,.,0,17
tt0218378,.,0,3
tt2404639,.,0,20
tt1714209,.,0,3
tt0954947,.,0,20
tt1911644,.,0,13
tt4939066,.,0,3
tt1600196,.,0,17
tt0305396,.,0,12
tt0985694,.,0,1
tt0168786,.,0,20
tt0283530,.,0,20
tt0108399,.,0,11
tt1232783,.,0,12
tt0104348,.,0,15
tt0083722,.,0,11
tt0079753,.,0,11
tt1244754,.,0,20
tt0805564,.,0,20
tt0168629,.,0,10
tt1194417,.,0,3
tt0119843,.,0,20
tt0116378,.,0,17
tt0473102,.,0,17
tt1496422,.,0,20
tt0095489,.,0,11
tt0073195,.,0,0
tt0070047,.,0,0
tt2582846,.,0,21
tt0163651,.,0,13
tt1621045,.,0,13
tt1929263,.,0,13
tt0091129,.,0,11
tt0084726,.,0,0
tt0303714,.,0,23
tt0086567,.,0,11
tt0109040,.,0,7
tt1591479,.,0,1
tt0090329,.,0,11
tt0462590,.,0,13
tt1706593,.,0,1
tt0115641,.,0,13
tt0066206,.,0,0
tt1636826,.,0,1
tt5027774,.,0,8
tt3741834,.,0,8
tt1563742,.,0,13
tt0119396,.,0,6
tt0086619,.,0,15
tt0481536,.,0,7
tt2431286,.,0,10
tt0081633,.,0,11
tt0275022,.,0,7
tt3622592,.,0,7
tt1082868,.,0,7
tt0265459,.,0,20
tt0406759,.,0,1
tt0359517,.,0,12
tt0278488,.,0,11
tt0054331,.,0,0
tt0479884,.,0,1
tt0104940,.,0,11
tt2582782,.,0,10
tt0120679,.,0,3
tt2215719,.,0,12
tt2784678,.,0,20
tt0128442,.,0,23
tt0061452,.,0,11
tt0079758,.,0,11
tt2436386,.,0,1
tt1407061,.,0,12
tt0114608,.,0,11
tt0365885,.,0,20
tt0429591,.,0,7
tt1821549,.,0,10
tt0332712,.,0,12
tt0273799,.,0,16
tt1625346,.,0,20
tt2194499,.,0,20
tt7125860,.,0,10
tt5322012,.,0,12
tt0120722,.,0,17
tt1084950,.,0,10
tt0082934,.,0,11
tt0335119,.,0,20
tt0385004,.,0,10
tt5301662,.,0,20
tt1042877,.,0,3
tt1764183,.,0,3
tt0053580,.,0,15
tt0156323,.,0,7
tt0439289,.,0,20
tt1566501,.,0,17
tt0470765,.,0,20
tt0120533,.,0,3
tt0339034,.,0,12
tt0091276,.,0,11
tt0116414,.,0,11
tt0199626,.,0,20
tt0082958,.,0,11
tt0129332,.,0,11
tt1682180,.,0,10
tt1416801,.,0,3
tt0361715,.,0,11
tt1730687,.,0,20
tt0271259,.,0,20
tt0399095,.,0,3
tt1486193,.,0,20
tt3453052,.,0,3
tt2910904,.,0,20
tt2402927,.,0,10
tt0098084,.,0,11
tt1860213,.,0,1
tt1210106,.,0,17
tt0087363,.,0,11
tt0059113,.,0,0
tt0964517,.,0,8
tt0101921,.,0,0
tt0493430,.,0,7
tt0104952,.,0,0
tt1355630,.,0,7
tt0097815,.,0,11
tt0281358,.,0,13
tt0112818,.,0,10
tt0139134,.,0,13
tt2381111,.,0,10
tt0416212,.,0,11
tt5362988,.,0,10
tt2404425,.,0,20
tt0082517,.,0,11
tt5580036,.,0,10
tt1233227,.,0,1
tt0250310,.,0,12
tt0105217,.,0,11
tt1441951,.,0,17
tt0253798,.,0,12
tt0213790,.,0,12
tt0246989,.,0,7
tt2042568,.,0,10
tt0362269,.,0,10
tt1699755,.,0,12
tt0108550,.,0,20
tt7008872,.,0,3
tt4832640,.,0,20
tt0240900,.,0,12
tt0377992,.,0,15
tt0383694,.,0,10
tt0114057,.,0,11
tt0102782,.,0,11
tt0424908,.,0,3
tt1132626,.,0,7
tt0449999,.,0,17
tt0078748,.,0,0
tt0084516,.,0,15
tt0122541,.,0,20
tt0287733,.,0,12
tt1709143,.,0,17
tt0083866,.,0,2
tt0062622,.,0,0
tt0419843,.,0,12
tt0108320,.,0,17
tt0313300,.,0,3
tt0085873,.,0,17
tt0473700,.,0,17
tt1502407,.,0,9
tt0119217,.,0,21
tt0391198,.,0,7
tt0083131,.,0,11
tt0489270,.,0,1
tt4094724,.,0,7
tt6857166,.,0,13
tt0204946,.,0,13
tt5726086,.,0,1
tt0160862,.,0,13
tt0890870,.,0,1
tt0455612,.,0,7
tt0375210,.,0,13
tt0090863,.,0,11
tt3195644,.,0,7
tt0104868,.,0,11
tt4925292,.,0,8
tt7784604,.,0,8
tt5164432,.,0,23
tt0096928,.,0,11
tt0056197,.,0,0
tt0116483,.,0,11
tt3348730,.,0,1
tt0263488,.,0,1
tt0090060,.,0,11
tt0063385,.,0,16
tt0265632,.,0,12
tt0089530,.,0,11
tt0076538,.,0,11
tt3882082,.,0,1
tt0088944,.,0,11
tt5001718,.,0,7
tt1314655,.,0,1
tt2555736,.,0,20
tt0089461,.,0,11
tt4795124,.,0,17
tt0104692,.,0,11
tt0981227,.,0,7
tt0337909,.,0,11
tt0120655,.,0,11
tt5690360,.,0,12
tt0280460,.,0,7
tt0208092,.,0,20
tt0098206,.,0,11
tt7424200,.,0,7
tt1389139,.,0,7
tt0086491,.,0,11
tt0110399,.,0,11
tt2515086,.,0,12
tt0283026,.,0,7
tt0424993,.,0,7
tt2752772,.,0,1
tt3387542,.,0,12
tt1220198,.,0,13
tt0086066,.,0,11
tt0127723,.,0,7
tt1876451,.,0,13
tt4669186,.,0,13
tt1564585,.,0,1
tt3521126,.,0,10
tt1540011,.,0,1
tt0085407,.,0,11
tt0242998,.,0,12
tt0420087,.,0,3
tt0499554,.,0,12
tt2473510,.,0,12
tt0846308,.,0,20
tt0089348,.,0,12
tt0403455,.,0,20
tt0128445,.,0,10
tt0100814,.,0,11
tt0380623,.,0,7
tt0100168,.,0,11
tt0240468,.,0,12
tt4196450,.,0,20
tt0295700,.,0,13
tt0081071,.,0,11
tt0142192,.,0,17
tt1092633,.,0,12
tt1655420,.,0,10
tt1126590,.,0,20
tt0412019,.,0,20
tt0314166,.,0,12
tt0365485,.,0,3
tt0119572,.,0,20
tt0219699,.,0,20
tt0192071,.,0,12
tt0151804,.,0,11
tt0157503,.,0,13
tt0124198,.,0,12
tt0368975,.,0,7
tt4595882,.,0,10
tt0086984,.,0,11
tt1470023,.,0,12
tt0785007,.,0,7
tt0166110,.,0,12
tt1307068,.,0,20
tt0454970,.,0,17
tt2582500,.,0,12
tt1477837,.,0,17
tt1748227,.,0,12
tt0120586,.,0,10
tt0166896,.,0,15
tt0231448,.,0,17
tt0082507,.,0,11
tt1772288,.,0,20
tt0279286,.,0,12
tt1801552,.,0,3
tt4645330,.,0,20
tt1472584,.,0,12
tt2937696,.,0,3
tt0115964,.,0,20
tt0165854,.,0,17
tt2752688,.,0,3
tt0200720,.,0,3
tt0093483,.,0,11
tt0438315,.,0,20
tt1411664,.,0,12
tt3850544,.,0,3
tt0215545,.,0,3
tt0083113,.,0,3
tt1554091,.,0,3
tt0171356,.,0,12
tt0309912,.,0,3
tt0432637,.,0,17
tt2674454,.,0,3
tt0173716,.,0,17
tt1777595,.,0,17
tt0285861,.,0,17
tt0955411,.,0,12
tt0784972,.,0,12
tt2345112,.,0,3
tt0291502,.,0,12
tt0884224,.,0,3
tt0388182,.,0,3
tt0373024,.,0,20
tt0253126,.,0,17
tt1262981,.,0,3
tt2553908,.,0,3
tt1183923,.,0,3
tt4254584,.,0,3
tt1210039,.,0,3
tt1220220,.,0,12
tt0349416,.,0,20
tt2113659,.,0,17
tt1007018,.,0,17
tt2325977,.,0,20
tt1210071,.,0,3
tt0887719,.,0,20
tt3202120,.,0,3
tt3352390,.,0,12
tt1091722,.,0,20
tt1602620,.,0,10
tt3859076,.,0,20
tt0195945,.,0,12
tt0062512,.,0,15
tt0095889,.,0,12
tt5074352,.,0,10
tt1017451,.,0,20
tt1161418,.,0,12
tt0057193,.,0,15
tt0441909,.,0,10
tt1527186,.,0,10
tt0082509,.,0,5
tt2176013,.,0,20
tt0114279,.,0,3
tt3716530,.,0,10
tt0324216,.,0,7
tt0067093,.,0,15
tt2975578,.,0,1
tt0059800,.,0,15
tt0482606,.,0,1
tt0117603,.,0,11
tt4361050,.,0,1
tt0168501,.,0,11
tt0094862,.,0,11
tt0386032,.,0,17
tt0186975,.,0,13
tt0366551,.,0,7
tt0208874,.,0,20
tt0454082,.,0,12
tt1878870,.,0,17
tt1619029,.,0,10
tt0087451,.,0,11
tt0349169,.,0,12
tt1922612,.,0,12
tt0097499,.,0,15
tt4669986,.,0,10
tt0775529,.,0,10
tt0202677,.,0,20
tt1104733,.,0,12
tt0280760,.,0,20
tt0210567,.,0,7
tt0441007,.,0,3
tt1673697,.,0,3
tt2950418,.,0,3
tt7137380,.,0,17
tt0434424,.,0,12
tt0120879,.,0,20
tt4082068,.,0,3
tt0286261,.,0,3
tt0420835,.,0,3
tt3276924,.,0,17
tt0090555,.,0,11
tt0211933,.,0,13
tt4034228,.,0,8
tt1263670,.,0,10
tt1185834,.,0,7
tt1666801,.,0,7
tt2872718,.,0,10
tt0093437,.,0,11
tt7961060,.,0,3
tt0079826,.,0,15
tt1171222,.,0,12
tt4981636,.,0,12
tt0126886,.,0,20
tt2017038,.,0,10
tt0331953,.,0,12
tt0810784,.,0,10
tt0118589,.,0,12
tt2345737,.,0,3
tt0963194,.,0,17
tt1188996,.,0,10
tt2178470,.,0,3
tt0164085,.,0,3
tt0043949,.,0,15
tt0059742,.,0,0
tt0087277,.,0,13
tt0110912,.,0,8
tt0087538,.,0,11
tt0079588,.,0,0
tt0088161,.,0,11
tt0449059,.,0,8
tt1282140,.,0,7
tt0092005,.,0,0
tt0079116,.,0,0
tt0365957,.,0,12
tt1306980,.,0,23
tt1178665,.,0,20
tt0297037,.,0,7
tt0104454,.,0,15
tt1800246,.,0,7
tt0482599,.,0,7
tt0082763,.,0,11
tt0064757,.,0,15
tt0107616,.,0,20
tt0105151,.,0,20
tt0083767,.,0,11
tt0437800,.,0,11
tt0111686,.,0,11
tt0164114,.,0,7
tt2390361,.,0,3
tt0120693,.,0,12
tt1095174,.,0,12
tt0144084,.,0,10
tt0437179,.,0,12
tt0279113,.,0,20
tt1604171,.,0,12
tt0110137,.,0,3
tt0189998,.,0,3
tt2582496,.,0,17
tt0804497,.,0,20
tt0086510,.,0,15
tt0117283,.,0,12
tt0206420,.,0,12
tt4520364,.,0,7
tt0387898,.,0,10
tt1431181,.,0,10
tt0102915,.,0,11
tt0118863,.,0,20
tt1371155,.,0,3
tt4196848,.,0,17
tt0119937,.,0,17
tt0086582,.,0,17
tt0283503,.,0,3
tt0314676,.,0,20
tt1273221,.,0,17
tt1498569,.,0,17
tt0119494,.,0,17
tt1235189,.,0,17
tt0964539,.,0,3
tt3606888,.,0,3
tt0360323,.,0,17
tt0342272,.,0,20
tt0324133,.,0,17
tt0097239,.,0,15
tt0120169,.,0,11
tt0498353,.,0,7
tt1174732,.,0,10
tt1225822,.,0,23
tt0272207,.,0,11
tt0338427,.,0,20
tt0087428,.,0,11
tt0263734,.,0,3
tt1001562,.,0,12
tt0410454,.,0,3
tt1602098,.,0,17
tt1974419,.,0,17
tt0319829,.,0,20
tt5727282,.,0,3
tt4030600,.,0,12
tt0833553,.,0,17
tt0808417,.,0,10
tt0066995,.,0,15
tt0203408,.,0,12
tt1778304,.,0,3
tt0467406,.,0,10
tt0068646,.,0,0
tt1915581,.,0,19
tt0085549,.,0,11
tt6450186,.,0,7
tt0089791,.,0,11
tt0107822,.,0,10
tt1640484,.,0,23
tt0070328,.,0,15
tt0156812,.,0,23
tt0282209,.,0,12
tt0832266,.,0,23
tt0433383,.,0,10
tt0379725,.,0,10
tt0071577,.,0,15
tt0112851,.,0,11
tt4481414,.,0,20
tt0116282,.,0,10
tt0246002,.,0,12
tt0071807,.,0,15
tt0094612,.,0,12
tt0245280,.,0,11
tt3850214,.,0,3
tt0395584,.,0,1
tt2752758,.,0,12
tt0116324,.,0,20
tt3125324,.,0,20
tt0103893,.,0,12
tt0160401,.,0,11
tt0251736,.,0,12
tt0090021,.,0,11
tt0317676,.,0,12
tt1019452,.,0,10
tt1315981,.,0,10
tt0095497,.,0,15
tt1336617,.,0,20
tt0125971,.,0,3
tt0252444,.,0,3
tt0785077,.,0,12
tt0105459,.,0,3
tt0099817,.,0,11
tt0090631,.,0,11
tt0420332,.,0,15
tt1012804,.,0,20
tt0298744,.,0,20
tt6205872,.,0,3
tt1421051,.,0,17
tt2739338,.,0,3
tt1220628,.,0,12
tt0085868,.,0,3
tt0076175,.,0,11
tt1658801,.,0,20
tt2402105,.,0,3
tt1361313,.,0,17
tt0089767,.,0,11
tt1582507,.,0,1
tt0106677,.,0,11
tt1255953,.,0,10
tt0406650,.,0,17
tt3322940,.,0,1
tt0101507,.,0,0
tt0093378,.,0,11
tt0082405,.,0,11
tt0080661,.,0,11
tt4131800,.,0,12
tt0436331,.,0,20
tt0066769,.,0,15
tt0200469,.,0,7
tt1230168,.,0,20
tt1723811,.,0,10
tt1869716,.,0,20
tt0790712,.,0,3
tt0359423,.,0,3
tt0088247,.,0,11
tt0301357,.,0,10
tt0421082,.,0,17
tt1226271,.,0,3
tt0113749,.,0,20
tt0077631,.,0,6
tt0091763,.,0,0
tt0084434,.,0,15
tt0361596,.,0,21
tt0064115,.,0,0
tt0058331,.,0,0
tt0081283,.,0,0
tt7137846,.,0,23
tt0055614,.,0,15
tt0048960,.,0,15
tt0080487,.,0,11
tt0250274,.,0,7
tt1125849,.,0,10
tt0097216,.,0,15
tt0082340,.,0,17
tt0161100,.,0,11
tt0114814,.,0,10
tt0071315,.,0,0
tt0038499,.,0,15
tt0455590,.,0,10
tt0310281,.,0,11
tt5734576,.,0,12
tt0096054,.,0,11
tt0462244,.,0,12
tt0095690,.,0,11
tt0049934,.,0,15
tt0120148,.,0,20
tt0114609,.,0,3
tt0097474,.,0,17
tt1840417,.,0,20
tt3722070,.,0,3
tt0183659,.,0,20
tt0137338,.,0,12
tt7339792,.,0,12
tt1702425,.,0,17
tt1540133,.,0,3
tt0844671,.,0,12
tt0147004,.,0,3
tt1151922,.,0,12
tt2870708,.,0,3
tt0489327,.,0,3
tt2771372,.,0,20
tt0107750,.,0,11
tt0248845,.,0,3
tt0323944,.,0,20
tt1082886,.,0,17
tt0234354,.,0,17
tt1194238,.,0,3
tt1541995,.,0,3
tt6998518,.,0,10
tt0270259,.,0,3
tt0101412,.,0,17
tt0065214,.,0,15
tt0300214,.,0,3
tt0457308,.,0,3
tt1365050,.,0,10
tt1667310,.,0,17
tt0976247,.,0,12
tt0086541,.,0,11
tt0116191,.,0,17
tt0063442,.,0,0
tt0356614,.,0,3
tt1772408,.,0,17
tt0120210,.,0,3
tt0473024,.,0,12
tt0286179,.,0,15
tt1303803,.,0,12
tt0070735,.,0,0
tt0082158,.,0,15
tt0422093,.,0,7
tt0117631,.,0,10
tt2229499,.,0,23
tt0068699,.,0,15
tt1999890,.,0,12
tt0330602,.,0,3
tt3262342,.,0,3
tt0162346,.,0,10
tt0280778,.,0,20
tt0335563,.,0,17
tt1508675,.,0,3
tt3335606,.,0,3
tt1251743,.,0,20
tt2932536,.,0,1
tt0811106,.,0,20
tt1618430,.,0,17
tt0081534,.,0,11
tt0259446,.,0,11
tt5052448,I-1083,1,8
tt0432348,.,0,1
tt2226417,.,0,1
tt4786282,.,0,1
tt3567288,.,0,1
tt0322802,.,0,7
tt5308322,.,0,1
tt2109184,.,0,1
tt1204977,.,0,7
tt0093629,.,0,11
tt4178092,.,0,23
tt5462602,.,0,10
tt0072081,.,0,15
tt0046247,.,0,15
tt0340855,.,0,10
tt2473682,.,0,1
tt0046672,.,0,16
tt0790636,.,0,10
tt1781922,.,0,1
tt0080678,.,0,0
tt2918436,.,0,12
tt1637706,.,0,12
tt1285009,.,0,12
tt0424345,.,0,7
tt0119905,.,0,12
tt0249462,.,0,10
tt1727388,.,0,20
tt2870612,.,0,1
tt4824308,.,0,12
tt0084296,.,0,15
tt0102065,.,0,12
tt0187819,.,0,12
tt3499096,.,0,20
tt0082766,.,0,11
tt0095271,.,0,17
tt1772240,.,0,12
tt7388562,.,0,7
tt2205401,.,0,12
tt0113253,.,0,12
tt0119080,.,0,20
tt0082817,.,0,11
tt0097388,.,0,12
tt4695012,.,0,1
tt0365748,.,0,10
tt1045655,.,0,7
tt0116905,.,0,15
tt0090655,.,0,11
tt0083833,.,0,15
tt1691916,.,0,17
tt0085862,.,0,11
tt4667094,.,0,12
tt0050379,.,0,15
tt0053290,.,0,15
tt0083630,.,0,11
tt0795438,.,0,20
tt3014666,.,0,12
tt4871980,.,0,12
tt0259974,.,0,12
tt0332375,.,0,17
tt0077572,.,0,11
tt0245120,.,0,12
tt8632862,.,0,3
tt0098546,.,0,12
tt1529567,.,0,3
tt0456554,.,0,12
tt3553976,.,0,10
tt0120831,.,0,11
tt0227005,.,0,20
tt1182345,.,0,10
tt4337690,.,0,20
tt3216348,.,0,12
tt0415949,.,0,20
tt0120255,.,0,10
tt0914797,.,0,20
tt0084171,.,0,11
tt1412528,.,0,12
tt0110005,.,0,3
tt3702652,.,0,12
tt1216491,.,0,20
tt0935075,.,0,20
tt3614530,.,0,12
tt5247022,.,0,10
tt0102443,.,0,3
tt0361862,.,0,20
tt0102307,.,0,11
tt0486259,.,0,3
tt2800038,.,0,12
tt0320244,.,0,17
tt0422861,.,0,3
tt0115734,.,0,20
tt2388637,.,0,20
tt0459293,.,0,3
tt0896866,.,0,3
tt0119560,.,0,20
tt3813310,.,0,3
tt0357585,.,0,3
tt0937237,.,0,3
tt1798243,.,0,3
tt1220213,.,0,3
tt1519461,.,0,12
tt1396523,.,0,3
tt3612616,.,0,10
tt2287663,.,0,20
tt0117666,.,0,15
tt1602613,.,0,3
tt1675192,.,0,10
tt0092076,.,0,12
tt0095484,.,0,17
tt0446687,.,0,3
tt2082197,.,0,10
tt0364961,.,0,3
tt0087928,.,0,4
tt0109831,.,0,20
tt0080453,.,0,4
tt0083929,.,0,16
tt0117589,.,0,10
tt0307901,.,0,20
tt0088680,.,0,15
tt0049513,.,0,15
tt3464902,.,0,10
tt0115736,.,0,17
tt0180093,.,0,10
tt0091886,.,0,17
tt0246578,.,0,10
tt1629705,.,0,3
tt1881002,.,0,20
tt0857190,.,0,17
tt2295722,.,0,3
tt0073486,.,0,0
tt0075222,.,0,16
tt0100258,.,0,3
tt1313092,.,0,10
tt0046183,.,0,15
tt0104036,.,0,4
tt0335266,.,0,8
tt0075686,.,0,16
tt3181822,.,0,1
tt0113627,.,0,10
tt0285742,.,0,20
tt1065073,.,0,8
tt0842926,.,0,10
tt0079470,.,0,15
tt2828996,.,0,7
tt2034139,.,0,12
tt0071524,.,0,16
tt0049875,.,0,15
tt0089907,.,0,16
tt0096256,.,0,11
tt0195234,.,0,17
tt0057115,.,0,15
tt1878841,.,0,12
tt0457513,.,0,3
tt0290332,.,0,12
tt0318374,.,0,17
tt0055184,.,0,15
tt0448075,.,0,20
tt0292644,.,0,17
tt0065112,.,0,15
tt0454987,.,0,13
tt0113101,.,0,17
tt0274812,.,0,17
tt0360916,.,0,12
tt0096219,.,0,20
tt0188863,.,0,17
tt0796375,.,0,20
tt1645080,.,0,12
tt0318761,.,0,20
tt0873886,.,0,17
tt0366780,.,0,17
tt2076220,.,0,10
tt2910814,.,0,3
tt1839642,.,0,20
tt2403393,.,0,3
tt0119502,.,0,20
tt2059171,.,0,3
tt1719071,.,0,3
tt0031381,.,0,0
tt0060665,.,0,16
tt0016641,.,0,15
tt0059418,.,0,15
tt0042200,.,0,15
tt1341167,.,0,3
tt3205376,.,0,17
tt0065446,.,0,15
tt0464049,.,0,17
tt0450340,.,0,20
tt0064665,.,0,0
tt0080339,.,0,4
tt0119164,.,0,10
tt0107554,.,0,16
tt0113118,.,0,11
tt1072748,.,0,1
tt5726616,.,0,8
tt0262396,.,0,12
tt2387433,.,0,1
tt4103724,.,0,12
tt0092796,.,0,16
tt0061809,.,0,15
tt0068611,.,0,15
tt0060490,.,0,15
tt0117628,.,0,11
tt0120684,.,0,10
tt0092991,.,0,3
tt0088993,.,0,3
tt0258038,.,0,12
tt4700756,.,0,17
tt3721936,.,0,10
tt3103166,.,0,3
tt1615147,.,0,20
tt1024715,.,0,3
tt0470679,.,0,17
tt2582802,.,0,8
tt0783238,.,0,3
tt0085334,.,0,16
tt0083739,.,0,3
tt0144178,.,0,17
tt5688932,.,0,3
tt0056217,.,0,15
tt0390221,.,0,10
tt1185836,.,0,17
tt0038650,.,0,15
tt0117951,.,0,10
tt0077975,.,0,14
tt1536044,.,0,1
tt3832914,.,0,12
tt2184339,.,0,1
tt0058150,.,0,0
tt1922777,.,0,1
tt0236388,.,0,11
tt0050212,.,0,16
tt0166396,.,0,17
tt0118570,.,0,7
tt0310793,.,0,10
tt0073312,.,0,16
tt0091080,.,0,16
tt0327036,.,0,16
tt0053604,.,0,15
tt0051459,.,0,16
tt0065462,.,0,16
tt0107254,.,0,16
tt0100666,.,0,16
tt6113488,.,0,17
tt0074512,.,0,16
tt0061107,.,0,15
tt6499752,.,0,3
tt0089444,.,0,3
tt0053793,.,0,15
tt1097013,.,0,12
tt0250323,.,0,17
tt2209418,.,0,10
tt0094118,.,0,12
tt0844479,.,0,12
tt0095863,.,0,12
tt5804314,.,0,17
tt0490196,.,0,12
tt0399901,.,0,17
tt0296166,.,0,3
tt0082432,.,0,15
tt4034354,.,0,17
tt0174336,.,0,12
tt0878835,.,0,3
tt0067992,.,0,15
tt0108517,.,0,3
tt0118541,.,0,12
tt0077405,.,0,15
tt3367294,.,0,17
tt0155776,.,0,12
tt1462054,.,0,3
tt0147612,.,0,10
tt1618432,.,0,17
tt3099498,.,0,20
tt4218696,.,0,3
tt0363589,.,0,3
tt0364569,.,0,10
tt1640459,.,0,3
tt2690138,.,0,12
tt1920849,.,0,20
tt1686018,.,0,12
tt3253232,.,0,3
tt0116361,.,0,3
tt1855401,.,0,12
tt0038589,.,0,15
tt0042332,.,0,15
tt1152822,.,0,3
tt0053291,.,0,15
tt0072431,.,0,4
tt0075005,.,0,0
tt0410097,.,0,10
tt0095179,.,0,16
tt0032138,.,0,15
tt0078872,.,0,15
tt0120402,.,0,3
tt6512428,.,0,3
tt0071230,.,0,14
tt0093512,.,0,15
tt0389326,.,0,3
tt0045152,.,0,15
tt2243537,.,0,7
tt2247692,.,0,12
tt2609912,.,0,11
tt0333766,.,0,10
tt0117887,.,0,11
tt0082495,.,0,16
tt0815241,.,0,3
tt1714206,.,0,20
tt0102494,.,0,3
tt0112471,.,0,20
tt4698684,.,0,17
tt1990314,.,0,20
tt1390539,.,0,17
tt0314412,.,0,17
tt1294164,.,0,3
tt1049405,.,0,17
tt1484522,.,0,3
tt1634003,.,0,3
tt1307926,.,0,12
tt0116404,.,0,17
tt0387808,.,0,20
tt4056738,.,0,20
tt0044030,.,0,15
tt0118925,.,0,17
tt2510028,.,0,17
tt0032910,.,0,4
tt0032455,.,0,4
tt0067116,.,0,16
tt0810928,.,0,17
tt0036868,.,0,16
tt0242193,.,0,17
tt1630036,.,0,11
tt0038787,.,0,15
tt0061811,.,0,15
tt0070707,.,0,16
tt0068555,.,0,16
tt7014006,.,0,10
tt0056592,.,0,15
tt0171804,.,0,10
tt0056193,.,0,15
tt0032273,.,0,15
tt0039416,.,0,15
tt0090327,.,0,3
tt0120321,.,0,3
tt1399683,.,0,10
tt4003774,.,0,3
tt0305206,.,0,10
tt5649144,.,0,10
tt4663548,.,0,12
tt0381681,.,0,10
tt1381404,.,0,20
tt0328538,.,0,20
tt1645089,.,0,3
tt0029852,.,0,15
tt0415978,.,0,17
tt3787590,.,0,1
tt3268668,.,0,12
tt0290212,.,0,12
tt7158430,.,0,3
tt1185616,.,0,10
tt0367027,.,0,3
tt0171359,.,0,17
tt3172532,.,0,3
tt0912593,.,0,3
tt0925248,.,0,3
tt2321549,.,0,10
tt0418753,.,0,3
tt1695994,.,0,12
tt0090095,.,0,3
tt0423169,.,0,3
tt2630916,.,0,3
tt1050739,.,0,17
tt0338497,.,0,3
tt3605418,.,0,3
tt1161064,.,0,12
tt1763303,.,0,3
tt1105512,.,0,3
tt1129412,.,0,3
tt1020530,.,0,3
tt2226519,.,0,17
tt1754633,.,0,3
tt1462758,.,0,10
tt0075314,.,0,0
tt1155592,.,0,10
tt0322659,.,0,20
tt3262990,.,0,17
tt1320244,.,0,1
tt0074285,.,0,16
tt0087800,.,0,16
tt2125435,.,0,10
tt0057012,.,0,15
tt0044081,.,0,15
tt0061747,.,0,15
tt1562568,.,0,3
tt1242432,.,0,3
tt0247425,.,0,10
tt2349460,.,0,20
tt0162360,.,0,20
tt0071360,.,0,15
tt0476643,.,0,3
tt0064990,.,0,15
tt2140619,.,0,17
tt4975722,.,0,8
tt0473308,.,0,20
tt0097659,.,0,16
tt0092675,.,0,3
tt0031679,.,0,15
tt7153766,.,0,1
tt0113540,.,0,3
tt0367089,.,0,10
tt0038109,.,0,15
tt0109759,.,0,17
tt1758795,.,0,17
tt0118789,.,0,20
tt0087995,.,0,17
tt3835080,.,0,12
tt0357110,.,0,17
tt0261983,.,0,20
tt0027977,.,0,15
tt2486682,.,0,3
tt3110770,.,0,3
tt0395543,.,0,3
tt0029583,.,0,14
tt3966404,.,0,10
tt0028216,.,0,15
tt0117958,.,0,3
tt1103982,.,0,3
tt0087130,.,0,3
tt0470869,.,0,3
tt0317640,.,0,17
tt0458480,.,0,3
tt0032976,.,0,15
tt0082418,.,0,16
tt0087015,.,0,3
tt2235108,.,0,17
tt0046126,.,0,15
tt0387564,.,0,21
tt0098724,.,0,20
tt0203230,.,0,10
tt0044079,.,0,15
tt0048750,.,0,15
tt0043456,.,0,15
tt2051894,.,0,3
tt0105236,.,0,10
tt0051207,.,0,15
tt0073629,.,0,15
tt1758575,.,0,3
tt0084556,.,0,17
tt2528814,.,0,7
tt0080749,.,0,3
tt0416315,.,0,1
tt0090967,.,0,3
tt2723576,.,0,17
tt1434447,.,0,3
tt0075148,.,0,0
tt1560985,.,0,12
tt0057590,.,0,15
tt0497116,.,0,10
tt1991245,.,0,1
tt0082533,.,0,16
tt0093177,.,0,3
tt0384286,.,0,12
tt1120985,.,0,10
tt0065466,.,0,15
tt0049452,.,0,15
tt4761916,.,0,3
tt1866249,.,0,10
tt0893382,.,0,3
tt1571249,.,0,17
tt2396566,.,0,3
tt6322922,.,0,17
tt2910274,.,0,3
tt1441326,.,0,17
tt0418773,.,0,3
tt0978759,.,0,10
tt0222850,.,0,20
tt0489037,.,0,3
tt0118113,.,0,20
tt0283509,.,0,3
tt0268200,.,0,3
tt6288250,.,0,3
tt0194218,.,0,17
tt0248012,.,0,3
tt1235170,.,0,3
tt2304459,.,0,17
tt0160498,.,0,3
tt2884206,.,0,17
tt0282698,.,0,3
tt0489247,.,0,3
tt1172994,.,0,3
tt1907639,.,0,3
tt5164412,.,0,17
tt0120813,.,0,20
tt0181836,.,0,17
tt2994190,.,0,3
tt1295909,.,0,3
tt0401462,.,0,3
tt0487156,.,0,3
tt0825346,.,0,17
tt0330136,.,0,3
tt0047296,.,0,15
tt2334649,.,0,10
tt4191580,.,0,12
tt6257174,.,0,17
tt1684628,.,0,3
tt1769363,.,0,3
tt0034492,.,0,15
tt1996264,.,0,17
tt2311428,.,0,3
tt0295725,.,0,3
tt0066832,.,0,4
tt3569356,.,0,3
tt0069704,.,0,15
tt1999192,.,0,17
tt1862079,.,0,3
tt3518012,.,0,3
tt0308411,.,0,3
tt0110057,.,0,15
tt0436724,.,0,3
tt0468489,.,0,3
tt0242587,.,0,17
tt0024216,.,0,15
tt2187884,.,0,3
tt0027125,.,0,15
tt0185937,.,0,10
tt0066580,.,0,0
tt0076257,.,0,3
tt0243415,.,0,17
tt1074931,.,0,3
tt1950135,.,0,12
tt0058182,.,0,15
tt0080761,.,0,11
tt1129423,.,0,11
tt0071206,.,0,16
tt0438205,.,0,3
tt0340377,.,0,10
tt0492506,.,0,3
tt0218043,.,0,3
tt0306069,.,0,3
tt0162830,.,0,11
tt0377091,.,0,3
tt2265398,.,0,20
tt1470827,.,0,3
tt1606829,.,0,3
tt0843850,.,0,3
tt0377043,.,0,3
tt2246526,.,0,3
tt2924392,.,0,3
tt0120244,.,0,17
tt2176228,.,0,3
tt0024034,.,0,15
tt0100142,.,0,3
tt0374900,.,0,11
tt0071853,.,0,15
tt0451176,.,0,3
tt1560957,.,0,3
tt0402249,.,0,3
tt0019729,.,0,15
tt0436613,.,0,3
tt0077651,.,0,10
tt0161023,.,0,3
tt0238247,.,0,3
tt0311648,.,0,20
tt0115856,.,0,3
tt1152850,.,0,3
tt0468526,.,0,3
tt0059592,.,0,15
tt5225338,.,0,3
tt1241226,.,0,3
tt1971352,.,0,3
tt0118842,.,0,20
tt1758692,.,0,20
tt1263682,.,0,3
tt2292959,.,0,12
tt0952682,.,0,3
tt0015624,.,0,15
tt1781784,.,0,3
tt0045546,.,0,15
tt0006333,.,0,15
tt0117802,.,0,20
tt0217107,.,0,12
tt3844362,.,0,17
tt0420723,.,0,3
tt1211890,.,0,3
tt0923600,.,0,3
tt0438427,.,0,3
tt0944101,.,0,3
tt1714210,.,0,3
tt0091939,.,0,3
tt1549572,.,0,3
tt0279721,.,0,17
tt0907657,.,0,10
tt0098213,.,0,3
tt0034587,.,0,15
tt0063350,.,0,15
tt0004972,.,0,15
tt2309260,.,0,12
tt0805526,.,0,11
tt0093200,.,0,3
tt0119670,.,0,17
tt6265828,.,0,10
tt3072636,.,0,3
tt2955096,.,0,20
tt0138704,.,0,3
tt0390521,.,0,3
tt0112585,.,0,17
tt1570989,.,0,3
tt0262432,.,0,3
tt1716760,.,0,3
tt0109445,.,0,17
tt0119361,.,0,3
tt1230136,.,0,3
tt0390323,.,0,3
tt0390384,.,0,3
tt0484562,.,0,13
tt0371257,.,0,13
tt0980970,.,0,18
tt0936501,.,0,21
tt1396218,.,0,18
tt0457419,.,0,23
tt0121766,I-1001,1,22
tt0455967,.,0,7
tt0388482,.,0,23
tt0356910,.,0,9
tt1027718,.,0,18
tt0430779,.,0,12
tt0388125,.,0,6
tt2625810,.,0,17
tt1791682,.,0,20
tt4062536,.,0,17
tt4721124,.,0,17
tt4846232,.,0,3
tt3859310,.,0,3
tt4158096,.,0,17
tt5340300,.,0,3
tt2034031,.,0,3
tt4385888,.,0,10
tt2132285,.,0,17
tt2101441,.,0,20
tt2402101,.,0,17
tt6040662,.,0,3
tt6902696,.,0,20
tt0470752,.,0,10
tt5691670,.,0,3
tt6053438,.,0,10
tt5715874,.,0,10
tt5613484,.,0,17
tt4266638,.,0,3
tt0477139,.,0,20
tt1313139,.,0,20
tt1166100,.,0,3
tt2788716,.,0,20
tt2334733,.,0,17
tt5742374,.,0,10
tt1294213,.,0,3
tt1763264,.,0,17
tt0497972,.,0,17
tt1174730,.,0,17
tt5884230,.,0,17
tt1300851,.,0,17
tt2368254,.,0,3
tt2062700,.,0,20
tt2101383,.,0,3
tt3062976,.,0,17
tt2891174,.,0,3
tt1082807,.,0,20
tt4573516,.,0,3
tt2720826,.,0,12
tt2403021,.,0,12
tt2057392,.,0,3
tt5461944,.,0,3
tt1667321,.,0,17
tt4669264,.,0,3
tt4899370,.,0,17
tt6225520,.,0,3
tt6108178,.,0,3
tt1212428,.,0,20
tt5023260,.,0,17
tt1596345,.,0,20
tt0402894,.,0,20
tt0480242,.,0,13
tt0465234,.,0,9
tt2980706,.,0,7
tt0435670,.,0,12
tt1185416,.,0,13
tt0473075,.,0,9
tt0962726,.,0,19
tt0363771,I-1003,1,5
tt0417433,.,0,12
tt0772193,.,0,7
tt1093908,.,0,18
tt0452681,.,0,7
tt0396555,.,0,19
tt1691917,.,0,7
tt0453467,.,0,6
tt2370248,.,0,10
tt0780595,.,0,12
tt1858481,.,0,3
tt2215395,.,0,3
tt0297284,.,0,12
tt2488778,.,0,17
tt5270948,.,0,20
tt2390237,.,0,3
tt3203528,.,0,12
tt4399952,.,0,17
tt3735246,.,0,10
tt0806088,.,0,17
tt2140465,.,0,3
tt5859238,.,0,20
tt6971752,.,0,3
tt4559046,.,0,17
tt2309764,.,0,3
tt0991346,.,0,3
tt1395025,.,0,3
tt5197544,.,0,17
tt0488414,.,0,3
tt3679060,.,0,17
tt3678782,.,0,17
tt1921149,.,0,3
tt2639254,.,0,3
tt2758904,.,0,17
tt2172584,.,0,20
tt2091935,.,0,3
tt1591095,.,0,1
tt1270761,.,0,1
tt6277440,.,0,3
tt3595298,.,0,17
tt2905838,.,0,17
tt4169250,.,0,17
tt6843812,.,0,17
tt4559006,.,0,20
tt5286444,.,0,3
tt6452574,.,0,10
tt3754940,.,0,3
tt2261287,.,0,7
tt4853102,.,0,12
tt0473488,.,0,3
tt0455326,.,0,3
tt0401711,.,0,3
tt1151359,.,0,3
tt0421238,.,0,3
tt4572792,.,0,20
tt0970468,.,0,20
tt2261331,.,0,3
tt0400525,.,0,20
tt0427969,.,0,20
tt1817273,.,0,10
tt0393109,.,0,3
tt0810819,.,0,10
tt2170299,.,0,20
tt1234654,.,0,17
tt0382189,.,0,3
tt1226753,.,0,20
tt2639336,.,0,1
tt2218003,.,0,3
tt5649108,.,0,17
tt4731136,.,0,1
tt2446042,.,0,18
tt2799166,.,0,12
tt2802144,.,0,21
tt2226597,.,0,23
tt1083452,.,0,1
tt1172049,.,0,20
tt3387266,.,0,17
tt0433416,.,0,17
tt0267891,.,0,13
tt2872462,.,0,3
tt0427944,.,0,3
tt0838221,.,0,20
tt1022603,.,0,10
tt0975645,.,0,20
tt0240200,.,0,3
tt2056771,.,0,17
tt0427968,.,0,20
tt1606392,.,0,17
tt1412386,.,0,10
tt2112096,.,0,3
tt1710417,.,0,17
tt0790804,.,0,12
tt5669936,.,0,3
tt0429573,.,0,7
tt4669296,.,0,3
tt0485601,.,0,3
tt4799066,.,0,12
tt1289406,.,0,20
tt1071812,.,0,3
tt2511428,.,0,12
tt1082853,.,0,20
tt0841044,.,0,20
tt1226774,.,0,17
tt4686844,.,0,10
tt3463106,.,0,17
tt1067765,.,0,17
tt0989000,.,0,3
tt4714782,.,0,3
tt3297330,.,0,3
tt0787524,.,0,3
tt4977530,.,0,17
tt1487118,.,0,3
tt1320239,.,0,17
tt5195412,.,0,3
tt0420293,.,0,17
tt3208026,.,0,3
tt1433811,.,0,17
tt2626350,.,0,17
tt1666185,.,0,1
tt7242142,.,0,3
tt4382872,.,0,3
tt2490326,.,0,17
tt1767372,.,0,3
tt0376479,.,0,20
tt3797868,.,0,13
tt1121931,.,0,12
tt2378507,.,0,17
tt2235779,.,0,12
tt0470705,.,0,20
tt1853739,.,0,1
tt0435625,.,0,1
tt0433362,.,0,1
tt1213012,.,0,7
tt0800003,.,0,12
tt6018306,.,0,20
tt1477076,.,0,1
tt0424136,.,0,20
tt1389096,.,0,23
tt0492044,.,0,1
tt0308353,.,0,12
tt1259521,.,0,1
tt5670152,.,0,12
tt0375679,.,0,8
tt0450278,.,0,1
tt0361693,.,0,20
tt1521848,.,0,17
tt0433387,.,0,20
tt0800027,.,0,23
tt0780571,.,0,13
tt0423977,.,0,17
tt5208252,.,0,12
tt0432402,.,0,17
tt0489237,.,0,7
tt1932767,.,0,20
tt4383594,.,0,12
tt4126438,.,0,17
tt1935902,.,0,3
tt3824458,.,0,3
tt1103275,.,0,3
tt0343996,.,0,3
tt0454792,.,0,3
tt2393845,.,0,20
tt5886440,.,0,17
tt1641841,.,0,3
tt1133993,.,0,20
tt1278449,.,0,3
tt5989218,.,0,17
tt1247690,.,0,20
tt0462338,.,0,3
tt0468565,.,0,3
tt1045670,.,0,10
tt0858479,.,0,20
tt0427470,.,0,20
tt0488120,.,0,6
tt0433400,.,0,13
tt0768212,.,0,13
tt0419984,.,0,13
tt4334266,.,0,3
tt5962210,.,0,17
tt1850397,.,0,12
tt2097307,.,0,12
tt1767382,.,0,12
tt3774114,.,0,1
tt1601913,.,0,1
tt5655222,.,0,17
tt3203620,.,0,3
tt6212478,.,0,3
tt1210042,.,0,23
tt1046947,.,0,17
tt0862846,.,0,3
tt0408236,.,0,10
tt0408839,.,0,23
tt0815245,.,0,23
tt0477051,.,0,19
tt1130988,.,0,3
tt4943322,.,0,3
tt0462200,.,0,20
tt1034303,.,0,6
tt0795351,.,0,13
tt0757361,.,0,3
tt1251757,.,0,20
tt1179904,.,0,1
tt0408524,.,0,13
tt1020072,.,0,21
tt4530422,.,0,1
tt1967545,.,0,23
tt3179568,.,0,20
tt0110684,.,0,16
tt0491175,.,0,1
tt0416044,.,0,3
tt0404802,.,0,17
tt5607096,.,0,3
tt0482463,.,0,3
tt4291600,.,0,3
tt4258698,.,0,3
tt0460890,.,0,20
tt0968264,.,0,20
tt3068194,.,0,3
tt0903657,.,0,10
tt3168230,.,0,20
tt1935179,.,0,10
tt1720616,.,0,17
tt1368440,.,0,17
tt1285309,.,0,20
tt1247662,.,0,17
tt5628302,.,0,3
tt2515030,.,0,3
tt3235888,.,0,10
tt1528071,.,0,17
tt4934950,.,0,3
tt1806913,.,0,3
tt2883434,.,0,20
tt2388715,.,0,1
tt2339741,.,0,1
tt1506999,.,0,1
tt1333125,.,0,12
tt7212726,.,0,3
tt1729637,.,0,3
tt5946128,.,0,17
tt0342258,.,0,20
tt0424823,.,0,7
tt0383222,.,0,12
tt4160708,.,0,1
tt0452702,.,0,1
tt0834001,.,0,1
tt0486578,.,0,7
tt7668870,.,0,1
tt2624412,.,0,3
tt2097331,.,0,20
tt5304464,.,0,17
tt0375912,.,0,3
tt1194263,.,0,17
tt4326444,.,0,3
tt0411195,.,0,3
tt4048272,.,0,10
tt3859304,.,0,17
tt3316960,.,0,10
tt2870756,.,0,3
tt1023441,.,0,3
tt1969062,.,0,3
tt0419294,.,0,20
tt0824758,.,0,20
tt0790770,.,0,17
tt0384504,.,0,11
tt1490785,.,0,17
tt3715320,.,0,3
tt6217608,.,0,10
tt3721964,.,0,20
tt3072482,.,0,1
tt1987680,.,0,13
tt1661275,.,0,17
tt4005402,.,0,17
tt0865554,.,0,17
tt0349467,.,0,23
tt0457433,.,0,13
tt0422774,.,0,7
tt0355702,.,0,11
tt0411061,.,0,7
tt1071875,.,0,23
tt0897361,.,0,12
tt0395495,.,0,13
tt0838232,.,0,13
tt7074886,.,0,20
tt1530983,.,0,17
tt1146325,.,0,17
tt0887912,.,0,8
tt0804516,.,0,12
tt4972062,.,0,3
tt4104022,.,0,3
tt3774466,.,0,17
tt0803057,.,0,17
tt0370986,.,0,3
tt0292963,.,0,10
tt0369994,.,0,3
tt0444653,.,0,17
tt3416742,.,0,3
tt4864932,.,0,3
tt4535650,.,0,17
tt4129428,.,0,20
tt3859980,.,0,3
tt3148502,.,0,3
tt2344678,.,0,17
tt2112124,.,0,17
tt1934231,.,0,3
tt1375789,.,0,17
tt0475394,.,0,23
tt4972582,.,0,1
tt0409847,.,0,18
tt3713166,.,0,1
tt0343737,.,0,6
tt0396752,.,0,7
tt0395251,.,0,13
tt0387514,.,0,7
tt0384793,.,0,7
tt0426883,.,0,23
tt6921996,.,0,3
tt6911608,.,0,18
tt6772950,.,0,1
tt0082801,.,0,11
tt0089469,.,0,11
tt0417217,.,0,23
tt0808399,.,0,3
tt0403702,.,0,17
tt0795461,.,0,12
tt0416449,.,0,2
tt0477302,.,0,23
tt4468740,.,0,18
tt0469263,.,0,13
tt1017460,.,0,1
tt2366608,.,0,17
tt0093793,.,0,16
tt0450345,.,0,1
tt0956038,.,0,23
tt0434409,.,0,21
tt0486583,.,0,19
tt1308729,.,0,1
tt3065204,.,0,18
tt0821640,.,0,7
tt0494238,.,0,23
tt4443658,.,0,17
tt0375920,.,0,3
tt1172991,.,0,3
tt0407265,.,0,10
tt1092634,.,0,17
tt1007029,.,0,10
tt0368794,.,0,10
tt2070776,.,0,17
tt2058107,.,0,20
tt1980929,.,0,20
tt1951181,.,0,3
tt1800302,.,0,20
tt0844993,.,0,12
tt1686821,.,0,7
tt0110678,.,0,11
tt1266029,.,0,20
tt0432289,.,0,3
tt0375611,.,0,10
tt1182937,.,0,20
tt3767372,.,0,17
tt3495026,.,0,3
tt1740710,.,0,3
tt6588966,.,0,10
tt5970844,.,0,17
tt5956100,.,0,3
tt5882970,.,0,17
tt3405236,.,0,3
