movie_id,metascore
tt4154796,78
tt1298650,45
tt2395427,66
tt4154756,68
tt0449088,50
tt0974015,45
tt2379713,60
tt3778644,62
tt0401729,51
tt2975590,44
tt6105098,55
tt0398286,71
tt0413300,59
tt3498820,75
tt0417741,78
tt1170358,66
tt2310332,59
tt4630562,56
tt2382320,.
tt0499549,83
tt0348150,72
tt1345836,78
tt1790809,39
tt0830515,58
tt0848228,69
tt0383574,53
tt0770828,55
tt0499448,62
tt1210819,37
tt6723592,.
tt0948470,66
tt1440129,41
tt3371366,27
tt0369610,59
tt1409024,58
tt1055369,35
tt2109248,32
tt0376994,58
tt0955308,53
tt0360717,81
tt0385752,51
tt1825683,88
tt0120338,75
tt3606756,80
tt3748528,65
tt2277860,77
tt1979376,84
tt0435761,92
tt1300854,62
tt3896198,67
tt0316654,83
tt1014759,53
tt1074638,81
tt0903624,58
tt1453405,65
tt1623205,44
tt1877832,75
tt1872181,53
tt1216475,57
tt6806448,60
tt1104001,49
tt1190080,49
tt4123430,52
tt0438488,49
tt1133985,39
tt6565702,43
tt1399103,42
tt2345759,34
tt1351685,51
tt2820852,67
tt1408101,72
tt0816711,63
tt1343092,55
tt1663662,65
tt1979388,66
tt0371746,79
tt0468569,84
tt0367882,65
tt1217209,69
tt3731562,62
tt2660888,68
tt4777008,43
tt1856101,81
tt6450804,54
tt6139732,53
tt3501632,74
tt1587310,56
tt3183660,66
tt0910970,95
tt0293564,44
tt0918940,44
tt0970179,83
tt2239822,51
tt1617661,40
tt4912910,86
tt3385516,52
tt4779682,46
tt1631867,71
tt4154664,64
tt3040964,77
tt2096673,94
tt2250912,73
tt1386697,40
tt1049413,88
tt2380307,81
tt5848272,71
tt0892782,56
tt3606752,59
tt1046173,32
tt0120891,38
tt0859163,31
tt0413099,37
tt0114898,56
tt6673612,26
tt1972591,41
tt1335975,28
tt4881806,51
tt2015381,76
tt1228705,57
tt1843866,70
tt2103281,79
tt0338348,61
tt1735898,57
tt0181852,66
tt0338526,35
tt3861390,51
tt3741700,48
tt1964418,60
tt0437086,53
tt2567026,34
tt0892791,58
tt1211837,72
tt2245084,74
tt0892769,75
tt1772341,72
tt0816692,74
tt1628841,32
tt2771200,65
tt6320628,69
tt1477834,55
tt0413267,58
tt1375666,74
tt1951266,65
tt0831387,62
tt1270798,65
tt0421715,70
tt0963966,46
tt0409182,50
tt0803096,32
tt1302006,94
tt1860357,68
tt1340138,38
tt2557478,44
tt0346491,39
tt3450958,82
tt0213149,44
tt0418279,61
tt4520988,64
tt0451279,76
tt2294629,75
tt2948356,78
tt0373889,71
tt0330373,81
tt0234215,62
tt0480249,65
tt3521164,81
tt0448157,49
tt0372784,70
tt0367594,72
tt0382932,96
tt1981115,54
tt2381249,75
tt5013056,94
tt0800369,57
tt0479952,61
tt0458525,40
tt1078912,42
tt1302011,67
tt1392190,90
tt5884052,53
tt0242653,47
tt1677720,64
tt0371606,48
tt0317919,66
tt0808151,48
tt0332452,56
tt0938283,20
tt0389790,54
tt0436339,41
tt0397892,67
tt1646987,37
tt0442933,59
tt1077368,55
tt2334879,52
tt0780653,43
tt2034800,42
tt3332064,36
tt1305591,49
tt6304710,.
tt0424095,74
tt1277953,60
tt1229238,73
tt1646971,76
tt0120855,79
tt0864835,59
tt1446192,58
tt0318649,41
tt1289401,60
tt0246460,56
tt0796366,82
tt0120591,42
tt0458339,66
tt2267968,66
tt0122151,37
tt1583421,41
tt0325710,55
tt0369441,47
tt1528100,52
tt3691740,66
tt1025100,38
tt2404233,25
tt1745960,.
tt0145487,73
tt0409459,56
tt0382992,35
tt0800080,61
tt0286716,54
tt0173840,49
tt1673434,52
tt0481499,55
tt1663202,76
tt0143145,57
tt1192628,75
tt0311113,81
tt1860353,58
tt3949660,40
tt1402488,50
tt0430357,65
tt5523010,39
tt0407304,73
tt1911658,53
tt1951264,76
tt0304141,82
tt0440963,85
tt5095030,70
tt0441773,74
tt0478970,64
tt2224026,55
tt5028340,66
tt0448694,65
tt1001526,63
tt0172156,38
tt2357291,49
tt0944835,65
tt1959490,68
tt0983193,68
tt1815862,33
tt0455824,53
tt0790736,25
tt2386490,71
tt1324999,45
tt0130623,56
tt3315342,77
tt2692250,47
tt1951265,64
tt0241527,64
tt7975244,58
tt0382625,46
tt1596343,66
tt1291150,31
tt1515091,48
tt0319262,47
tt3874544,50
tt0800320,39
tt1679335,55
tt0120685,32
tt1446714,64
tt1194173,61
tt0118688,28
tt5758778,51
tt1386703,43
tt2094766,36
tt3095734,41
tt0120657,42
tt7504726,47
tt0170016,46
tt0177971,59
tt4196776,58
tt0454876,79
tt0259324,35
tt2231461,45
tt0305357,48
tt1535108,61
tt1483013,54
tt3717490,44
tt0243585,66
tt1234721,52
tt0296572,38
tt3113456,.
tt0811080,37
tt0399201,50
tt1341188,46
tt1013743,46
tt1270797,35
tt0198781,79
tt1430132,61
tt0118928,43
tt2381991,35
tt0245562,51
tt1320261,33
tt3411444,58
tt5463162,66
tt1454468,96
tt0477347,48
tt2126355,43
tt0472181,30
tt0337978,69
tt0349903,58
tt0120347,52
tt0187393,63
tt1253863,48
tt0338751,77
tt1355644,41
tt0990407,39
tt1935859,57
tt0433035,56
tt2283336,38
tt0429493,47
tt2017020,34
tt1111422,55
tt1731141,51
tt0299172,50
tt0120179,23
tt0320661,63
tt1219827,52
tt0327437,49
tt0120737,92
tt0312528,19
tt0248667,65
tt3659388,80
tt3640424,60
tt0343818,59
tt0164912,61
tt0780521,73
tt0443649,34
tt3416828,34
tt0141907,34
tt4649466,44
tt0187078,35
tt0172495,67
tt1620680,53
tt1152836,70
tt0381061,80
tt0181689,80
tt4701182,66
tt1371111,55
tt0295297,63
tt0103064,75
tt0112462,51
tt0133152,50
tt0368891,39
tt1853728,81
tt8579674,78
tt0970866,27
tt0111503,63
tt0765429,76
tt0844471,66
tt1386588,64
tt0339291,62
tt0993846,75
tt0848537,52
tt0116213,56
tt0116583,74
tt0120917,70
tt1764651,51
tt0386117,71
tt0449010,38
tt1267297,47
tt1243957,37
tt0146675,33
tt5814534,54
tt0327162,42
tt0423294,64
tt0450259,64
tt6924650,47
tt1219342,53
tt0120201,51
tt0457400,32
tt0316396,64
tt6428676,45
tt0327554,27
tt2333784,35
tt0133240,60
tt0947810,63
tt1981128,21
tt2058673,34
tt5697572,32
tt1390411,47
tt2209764,42
tt0362165,20
tt1571234,44
tt0180052,12
tt3089630,.
tt2452042,67
tt3513498,65
tt4532826,32
tt0209163,48
tt0217505,72
tt2316204,65
tt1661199,67
tt1667889,49
tt0265086,74
tt1261945,27
tt0814255,47
tt1790886,50
tt0477080,69
tt0119116,52
tt0138749,51
tt0380510,42
tt2638144,38
tt1121096,30
tt0266543,90
tt0167260,94
tt0167261,87
tt0146316,33
tt5026378,.
tt0163025,42
tt1318514,68
tt0416236,62
tt0317705,90
tt1606378,28
tt0318974,47
tt0112760,37
tt0359950,54
tt2283362,58
tt0119654,71
tt0120363,88
tt0266915,48
tt0988045,57
tt1080016,50
tt1502397,59
tt0161081,51
tt1436562,63
tt7131622,83
tt0407887,85
tt0160127,52
tt0120762,71
tt3794354,47
tt0942385,71
tt1568346,71
tt0118884,62
tt0960144,54
tt0112864,58
tt2404435,54
tt2974918,33
tt0230011,52
tt0985699,56
tt2120120,27
tt0338094,34
tt0164052,24
tt0373926,62
tt1854564,39
tt0325703,43
tt3110958,46
tt0266987,63
tt0120053,50
tt0183523,34
tt1365519,48
tt0182789,42
tt0349683,46
tt0120461,55
tt0118972,53
tt0267626,58
tt0816462,36
tt1509767,35
tt7232438,.
tt1041804,18
tt5519340,29
tt0478855,.
tt0117998,68
tt0352248,69
tt3829266,48
tt0120667,40
tt0212985,57
tt0329575,72
tt0162222,73
tt0366548,77
tt0240772,74
tt0372183,73
tt0118571,61
tt1013752,46
tt0451079,71
tt1840309,48
tt0837562,47
tt0448115,71
tt0461770,75
tt1599348,52
tt0496806,62
tt1230414,57
tt0120660,67
tt0400717,49
tt0471042,59
tt0211181,35
tt1667353,46
tt0457939,52
tt0463985,45
tt0397535,54
tt0215750,53
tt0107362,44
tt0327850,59
tt1430607,69
tt1293847,42
tt0119643,43
tt1287468,30
tt0233469,33
tt0284490,32
tt0113492,.
tt0443706,78
tt0446029,69
tt0298814,48
tt1804538,.
tt1485796,48
tt0267913,35
tt0144528,38
tt1821694,47
tt0389860,45
tt0413895,68
tt0489099,35
tt0411477,78
tt0398165,48
tt1320253,45
tt7713068,60
tt0216216,49
tt0315327,46
tt1392170,68
tt1411697,44
tt0117060,59
tt4116284,75
tt2510894,44
tt0103776,68
tt5113040,55
tt0120616,48
tt0327084,67
tt0275847,73
tt0120647,40
tt2191701,19
tt1615918,24
tt0425061,54
tt0358082,64
tt1130884,63
tt0337741,66
tt0369436,41
tt0119094,82
tt0960731,33
tt0257044,72
tt1564367,33
tt0287978,42
tt1059786,43
tt0118880,52
tt1302067,35
tt0159365,73
tt1037705,53
tt0119137,37
tt0171363,42
tt0117705,59
tt2713180,64
tt6182908,60
tt0383216,38
tt1222817,30
tt0970416,40
tt0118883,49
tt0120828,51
tt0166813,52
tt0244244,32
tt0120738,42
tt0368008,76
tt5649074,.
tt0374536,34
tt0268695,42
tt0120889,44
tt0120751,51
tt2935510,80
tt0386140,47
tt0185431,38
tt0986263,45
tt0251075,40
tt0355295,51
tt0116996,52
tt0405469,47
tt1762399,37
tt0146309,67
tt0116040,.
tt1618442,34
tt1921064,39
tt0318155,64
tt0875034,49
tt0300556,28
tt1723746,.
tt0120595,68
tt0119925,29
tt0199753,34
tt0427392,45
tt0318081,24
tt6141246,60
tt0110357,88
tt1397514,41
tt0810913,23
tt0268978,72
tt1985966,59
tt0289765,60
tt0317648,54
tt0311429,30
tt0204313,30
tt1754656,70
tt5851562,.
tt3766354,50
tt1690953,62
tt0322259,38
tt0206634,84
tt0131704,36
tt2709768,61
tt0116629,59
tt2709692,51
tt3470600,59
tt3469046,49
tt0119567,59
tt0438097,58
tt0351283,57
tt1375670,30
tt0307453,48
tt0120903,64
tt0493464,64
tt0117500,58
tt0343660,48
tt0427327,81
tt1670345,50
tt0443489,76
tt4575576,60
tt0141369,36
tt1253864,46
tt0362227,55
tt0360486,50
tt0385880,68
tt0190865,48
tt0472062,67
tt0123964,63
tt6324278,61
tt0377471,37
tt0408306,74
tt1103153,21
tt1638355,56
tt0314353,48
tt0452637,36
tt0371246,48
tt0219965,60
tt0166485,56
tt0113071,.
tt0978764,33
tt0340163,44
tt3062096,42
tt0329717,47
tt0120913,48
tt0377062,47
tt0120157,.
tt0120458,19
tt0166276,40
tt4199898,25
tt8356942,.
tt2293640,56
tt2279373,62
tt0217869,62
tt0415306,66
tt1985949,43
tt0120832,52
tt0120184,35
tt0462538,80
tt0770752,29
tt1201167,60
tt0431197,56
tt0240462,49
tt0112573,68
tt0418763,58
tt0132245,29
tt0268995,27
tt0338512,63
tt0368447,44
tt0118998,46
tt0286106,59
tt0298148,75
tt0317219,73
tt1231580,41
tt7349950,58
tt0096438,83
tt0163187,39
tt0295701,48
tt0117438,60
tt0361748,69
tt0102057,52
tt0099423,67
tt0257076,45
tt5657846,30
tt0162661,65
tt0259711,45
tt0119282,74
tt2302755,41
tt1217613,37
tt1568911,72
tt0277434,65
tt2177771,52
tt4624424,56
tt0120844,64
tt0319061,58
tt0111742,.
tt1496025,39
tt3014284,55
tt0829150,40
tt0406816,53
tt0096754,62
tt1578275,46
tt0398375,35
tt0133952,53
tt0486655,66
tt1336608,47
tt0120102,55
tt0346156,64
tt0476964,56
tt0297181,35
tt0280486,37
tt0419706,34
tt2025690,58
tt1211956,49
tt1448755,44
tt0120696,36
tt0251114,49
tt0246894,14
tt1043726,22
tt0435705,42
tt0308208,19
tt0181739,57
tt2717822,51
tt0430912,26
tt1781967,.
tt1323594,72
tt0427152,56
tt2873282,53
tt1325004,58
tt0164184,45
tt2637276,48
tt0227445,71
tt0480687,45
tt0113845,.
tt0285531,35
tt0132347,65
tt0140352,84
tt1389072,63
tt0758774,57
tt1611224,42
tt0116830,.
tt0462396,37
tt0137494,54
tt0365474,.
tt2369135,39
tt0120815,91
tt0207201,47
tt0443272,86
tt0268380,60
tt0112384,77
tt0133093,73
tt5220122,54
tt1707386,63
tt0304669,48
tt0100802,57
tt0128853,57
tt1809398,59
tt3079380,75
tt1231583,51
tt0838283,51
tt0113497,39
tt0120746,63
tt0186566,73
tt1823664,33
tt0106582,60
tt2788732,71
tt0115759,61
tt0469641,66
tt0219854,45
tt0304415,45
tt1645170,58
tt0120663,68
tt1596350,31
tt2381941,56
tt0359013,38
tt1234719,31
tt0758794,53
tt2719848,64
tt1855325,39
tt6095472,60
tt0119942,70
tt0137523,66
tt0452608,43
tt0116908,44
tt0228750,45
tt0406375,67
tt0338188,55
tt0357277,34
tt0375568,53
tt1418377,30
tt0102070,17
tt10597946,.
tt0458481,46
tt2361317,49
tt0219952,31
tt0380599,65
tt4743226,.
tt0430304,26
tt0156934,38
tt0396171,56
tt0107290,68
tt0295178,62
tt1411704,41
tt1961175,45
tt0111756,47
tt0109444,74
tt0141926,62
tt0112346,67
tt3460252,68
tt0811138,24
tt0233142,21
tt2267998,79
tt0445934,64
tt4046784,43
tt1272878,55
tt4500922,50
tt7616798,50
tt4701660,69
tt0290002,41
tt1490017,83
tt0892737,.
tt0486946,27
tt0822832,53
tt0120689,61
tt0120382,90
tt3263904,74
tt0258463,68
tt1078940,23
tt0113189,65
tt0317740,68
tt0317303,39
tt0144214,47
tt0120794,64
tt0369339,71
tt0239395,47
tt0313737,42
tt0120587,72
tt0277296,45
tt1245526,60
tt0335438,55
tt0099371,60
tt0452598,34
tt0879870,50
tt0790724,50
tt0328107,47
tt0218967,42
tt1598778,70
tt0146838,52
tt0119314,65
tt0327597,80
tt0349710,47
tt0149261,54
tt0257568,16
tt0949731,34
tt3300542,28
tt0160797,45
tt0393735,43
tt0116705,34
tt0167190,72
tt3393786,47
tt1469304,37
tt0120873,47
tt0120633,68
tt2446980,56
tt1623288,72
tt0119395,36
tt0338337,43
tt0118055,.
tt0420238,53
tt0787474,61
tt1648190,34
tt0290095,30
tt1205537,57
tt0114781,52
tt6266538,61
tt0118583,63
tt0822854,53
tt0120791,46
tt1321870,40
tt2398241,40
tt1213641,84
tt1045778,34
tt1226273,55
tt0253754,51
tt0253556,39
tt0762125,39
tt1135487,69
tt1034331,36
tt1057500,74
tt0473705,64
tt0120764,33
tt0443632,49
tt2083383,58
tt0138524,71
tt0120004,55
tt0120749,37
tt0181875,90
tt5719748,57
tt0289848,37
tt0821642,61
tt1538403,33
tt0146984,47
tt0259288,25
tt0822847,41
tt0455499,37
tt0329774,37
tt0119081,35
tt0165982,48
tt0382628,52
tt0118661,12
tt0387877,49
tt0131369,48
tt0831887,30
tt0272020,43
tt0134983,19
tt0454824,47
tt1837709,31
tt0120701,41
tt0765476,43
tt0326905,48
tt2822672,48
tt3045616,27
tt0294357,32
tt2479478,18
tt2296777,36
tt6811018,66
tt1431045,65
tt2179136,72
tt1051904,60
tt0095956,36
tt0114319,56
tt0485985,46
tt0425123,47
tt2234155,42
tt0158622,27
tt0379865,56
tt5442430,54
tt1314228,27
tt1000774,53
tt1220634,37
tt1232200,31
tt0118971,60
tt5280288,.
tt0116136,.
tt0367479,38
tt0238112,36
tt2180411,69
tt0305224,52
tt0395699,30
tt0351977,44
tt7286456,59
tt0109830,82
tt0952640,39
tt1727824,49
tt0386588,58
tt0212338,73
tt0454921,64
tt0114148,58
tt0078346,80
tt0117218,62
tt4465564,33
tt1535109,82
tt0119190,53
tt0328828,43
tt3402236,52
tt0455944,57
tt4477536,31
tt0112642,49
tt1279935,56
tt0252076,45
tt0112740,66
tt0408790,53
tt0109635,58
tt0120632,54
tt1109624,77
tt0449089,33
tt0111282,42
tt0131325,71
tt0422704,.
tt0098439,41
tt0104070,56
tt0184894,77
tt0116253,62
tt1621039,38
tt0349773,.
tt0865556,57
tt0293508,40
tt2281587,61
tt0116250,45
tt4302938,84
tt0122690,67
tt1126591,47
tt0116409,.
tt0824747,63
tt1298649,36
tt0269347,40
tt0128278,43
tt0338466,62
tt0839980,47
tt2798920,79
tt2554274,66
tt1430626,73
tt0402022,36
tt0115857,.
tt0116277,32
tt0414055,45
tt0780567,54
tt0279111,30
tt0120390,.
tt4047068,.
tt0405676,37
tt0167456,36
tt0447666,.
tt0338216,49
tt0130089,.
tt0160184,.
tt0463034,46
tt0814314,36
tt0099674,60
tt0368709,45
tt0299930,18
tt0162650,50
tt0377818,33
tt1197624,34
tt1355683,68
tt0118617,61
tt0203009,66
tt0249478,29
tt0418689,79
tt0462322,77
tt0120603,57
tt1790885,95
tt0264464,75
tt0795421,51
tt0452594,45
tt0817230,34
tt0112641,73
tt1488555,39
tt0120863,78
tt0125664,58
tt1179034,42
tt0245803,40
tt0183505,49
tt4244998,63
tt0790604,28
tt1385826,60
tt1259571,44
tt0126029,84
tt1637725,62
tt2294449,71
tt0102798,51
tt0116695,77
tt1528854,42
tt0119822,67
tt0129290,25
tt1489889,52
tt1229340,61
tt1650062,72
tt0280590,24
tt0195685,73
tt6343314,66
tt5117670,51
tt0251127,45
tt0110148,59
tt7959026,58
tt1068680,46
tt2024469,56
tt0120686,58
tt0427229,47
tt0454848,76
tt4877122,12
tt1570728,68
tt6294822,83
tt0120784,46
tt0112715,22
tt0448011,41
tt0377109,44
tt1389137,58
tt1210166,87
tt0388419,22
tt0775408,.
tt0114069,64
tt1075417,52
tt0356618,43
tt0400497,47
tt0300471,58
tt0381971,62
tt1605630,49
tt1428538,23
tt1464540,36
tt0250797,63
tt3532216,65
tt0365737,76
tt0318627,35
tt2262227,67
tt0118548,52
tt0408345,45
tt0119174,61
tt0119173,62
tt2106361,44
tt1872194,48
tt0384537,31
tt1206885,26
tt0191397,30
tt0120768,62
tt2005151,57
tt0109254,16
tt0099700,.
tt0119874,43
tt0313443,63
tt0317198,44
tt0163978,43
tt0110725,33
tt1186367,34
tt0350028,38
tt3799694,70
tt0126916,43
tt0141109,.
tt1392197,30
tt0117765,37
tt1212419,56
tt0264935,50
tt0112401,.
tt5478478,65
tt1608290,34
tt1571569,.
tt0367959,35
tt0160916,37
tt1517260,35
tt0264395,34
tt2199571,59
tt0309377,64
tt0963178,52
tt0116225,54
tt0315297,26
tt5294550,72
tt0362270,62
tt0129167,85
tt2274648,31
tt1240982,31
tt4477936,.
tt1462041,35
tt1124037,53
tt1034032,27
tt0331933,35
tt0289992,31
tt1559547,52
tt0378109,45
tt0765443,82
tt0109190,.
tt0151137,54
tt0113010,13
tt1502404,44
tt0119592,45
tt0114345,.
tt0421054,36
tt0113451,.
tt0891592,17
tt0266452,38
tt4701724,68
tt0315824,42
tt0181151,41
tt4426464,28
tt7134096,45
tt1014763,41
tt1374992,45
tt2072227,.
tt7547410,63
tt0267804,25
tt1823672,41
tt0098987,24
tt1781769,63
tt0097576,65
tt0298130,57
tt0181865,86
tt0258000,65
tt1560220,55
tt0155267,72
tt7401588,57
tt0145681,45
tt0120188,82
tt0808510,36
tt0250687,52
tt0381849,76
tt0272152,49
tt0230030,49
tt0120780,85
tt0087089,68
tt5033998,52
tt0462499,46
tt1355631,66
tt0099422,68
tt2543164,81
tt0115798,56
tt0106220,62
tt1757737,.
tt0200027,43
tt0307479,65
tt1075747,33
tt0117002,44
tt0490215,79
tt0119738,50
tt0265029,44
tt0117731,71
tt0278504,78
tt1392214,70
tt0115956,77
tt0119528,70
tt0120623,77
tt1397280,45
tt0109813,38
tt0306047,49
tt0212346,43
tt4765284,40
tt0373051,57
tt0107798,50
tt0368933,43
tt0825232,42
tt0109446,65
tt1204342,75
tt0105112,64
tt0369735,31
tt0139654,69
tt3631112,48
tt0177789,70
tt0257106,29
tt0120611,45
tt0393162,57
tt1038919,22
tt0264472,69
tt0118615,37
tt0401855,36
tt3224458,80
tt0200550,27
tt0314331,55
tt0116669,31
tt0111255,.
tt1711525,42
tt0117918,60
tt0371724,63
tt0432021,41
tt0396592,39
tt1615065,59
tt0110997,.
tt1086772,31
tt0408985,52
tt0450232,63
tt0113419,58
tt0337921,60
tt5606664,59
tt0429589,59
tt0274166,51
tt0087182,40
tt0775552,42
tt0445922,56
tt0959337,69
tt0364970,26
tt3513548,68
tt0109836,.
tt0116421,33
tt1946502,39
tt0117108,.
tt0237572,71
tt0117331,.
tt0376108,36
tt1139328,77
tt0149624,55
tt0814022,24
tt0113987,66
tt1343727,60
tt0376136,56
tt0118956,.
tt3289724,40
tt1634122,46
tt1046997,37
tt0246464,47
tt0484740,43
tt0255477,11
tt0120107,.
tt0249516,.
tt1024648,86
tt0106977,87
tt0089880,47
tt0117665,49
tt1438254,37
tt0116731,.
tt2788710,52
tt0080855,57
tt2404463,60
tt0181536,62
tt0191754,46
tt0253867,32
tt5177088,43
tt3416532,76
tt0472399,49
tt0106918,58
tt1232829,69
tt0125439,68
tt3281548,91
tt0120630,88
tt0343135,44
tt0103859,45
tt0889583,54
tt0056937,60
tt2334871,45
tt1648179,40
tt0257756,48
tt0117057,.
tt1486185,29
tt0265349,52
tt0097742,58
tt1255919,24
tt1598828,22
tt0179626,34
tt0399295,62
tt0108255,.
tt0104412,.
tt1568338,40
tt1032751,45
tt0119640,18
tt1634037,.
tt0298203,77
tt2066051,69
tt0183790,56
tt0288045,38
tt1053810,53
tt0167404,64
tt0396269,64
tt1155076,61
tt6146586,73
tt2322441,46
tt8946378,82
tt1041829,48
tt1800241,90
tt0349205,46
tt2872732,61
tt1091191,60
tt0096874,57
tt0150377,40
tt0338459,57
tt0117913,54
tt0104694,67
tt1285016,95
tt1135503,66
tt1001508,47
tt2869728,32
tt0362120,40
tt2561572,34
tt0134084,56
tt0099088,55
tt2140479,51
tt2096672,36
tt2203939,39
tt0103874,57
tt0397313,64
tt0134119,76
tt2361509,51
tt0104691,76
tt0350258,73
tt0401792,74
tt3682448,81
tt0443274,40
tt1155056,70
tt0256380,48
tt0102138,72
tt0421729,34
tt6189022,45
tt2119543,57
tt2119532,71
tt0236493,43
tt1144884,30
tt0974661,48
tt1401152,56
tt1226229,65
tt0348836,38
tt0159273,49
tt1189340,63
tt0358135,47
tt0445990,63
tt0765446,35
tt0122718,.
tt0120177,34
tt2170439,40
tt0245844,61
tt0482571,66
tt0410297,52
tt1424381,51
tt1462769,47
tt0093428,60
tt0472043,68
tt0758766,59
tt0091396,57
tt0363988,46
tt0397101,47
tt1742044,54
tt0866439,37
tt0119978,72
tt0104839,.
tt0118607,63
tt2557490,44
tt1622979,50
tt4218572,84
tt0332047,56
tt0758730,29
tt1153702,.
tt1956620,36
tt1262416,52
tt0110989,49
tt0174480,24
tt1092026,57
tt1694020,50
tt1657507,45
tt0134273,19
tt1590193,56
tt0162983,33
tt0101761,62
tt0130121,49
tt6663582,52
tt0223897,40
tt1334512,36
tt0817538,41
tt4572514,69
tt0111143,.
tt1129442,51
tt1126618,57
tt0430308,45
tt2139881,67
tt0160009,30
tt1661382,35
tt0163983,17
tt0294870,53
tt0129280,33
tt3486626,36
tt0116654,.
tt0246544,27
tt2592614,49
tt0467200,50
tt4481514,30
tt0230838,27
tt0444682,36
tt0479997,28
tt0110971,44
tt0120800,.
tt0269095,50
tt0132512,40
tt3522806,38
tt0329691,41
tt0432283,83
tt1308728,27
tt0114436,16
tt0115907,.
tt1430615,61
tt1649419,73
tt0763831,26
tt5390504,77
tt0422720,65
tt1846589,43
tt0208988,24
tt0113552,.
tt2387499,34
tt0282687,31
tt0093278,52
tt0104850,48
tt1129445,37
tt0450405,43
tt0363282,33
tt0120646,45
tt0375173,49
tt0295254,16
tt1111948,49
tt2515034,39
tt1188729,28
tt0266489,50
tt1413495,32
tt0081400,.
tt5360952,35
tt5292922,.
tt1976009,36
tt3864056,40
tt0283160,17
tt0189192,38
tt1706620,84
tt0448134,64
tt0110074,53
tt2513074,53
tt0091757,32
tt0361500,27
tt0455782,54
tt0457495,42
tt1326972,.
tt0357054,47
tt2032572,30
tt1241317,43
tt6820324,60
tt0452694,47
tt0086393,44
tt0490084,26
tt1142977,74
tt0117608,47
tt0379786,74
tt0465602,49
tt0312329,36
tt0232500,58
tt0256415,45
tt1142988,28
tt0111280,55
tt2091256,69
tt3450650,13
tt4501244,39
tt1067583,52
tt1055292,39
tt0174856,74
tt1411250,49
tt0125022,47
tt0278435,25
tt2304933,33
tt0465580,36
tt1979320,74
tt0225071,39
tt0279889,42
tt3829920,72
tt0116259,.
tt0905372,49
tt0202470,54
tt5822564,35
tt0118158,53
tt0970411,58
tt0119210,.
tt4971344,78
tt0193560,29
tt1346913,.
tt1586265,41
tt1560747,86
tt0469903,58
tt1099212,56
tt1723121,44
tt3076658,82
tt0840361,74
tt1564349,64
tt2704998,66
tt0887883,63
tt0337563,57
tt0410377,55
tt1292566,51
tt1385867,31
tt1161864,38
tt0482603,36
tt0175880,77
tt1243974,40
tt1517451,88
tt0251160,30
tt0181316,46
tt0086006,68
tt1231587,63
tt0118771,73
tt2978462,58
tt4682786,23
tt0266465,36
tt0184858,37
tt0120834,44
tt0116410,.
tt0119177,64
tt0141399,34
tt1316616,33
tt1837636,39
tt0325537,44
tt1396484,69
tt1119646,73
tt0878804,53
tt0096895,69
tt0145660,59
tt1403865,80
tt0104714,40
tt0120812,60
tt2024432,35
tt0458352,62
tt1499658,57
tt0227538,71
tt3152624,75
tt2140373,65
tt0079945,48
tt0478087,48
tt1033643,36
tt0101540,73
tt0116209,87
tt0785006,51
tt0372237,49
tt1758830,59
tt0119488,90
tt0405325,62
tt0119360,70
tt1179056,35
tt0209958,40
tt0114508,49
tt0437863,25
tt1028576,61
tt0120744,48
tt1632708,63
tt4438848,58
tt0453556,41
tt0316465,38
tt5052474,61
tt0976238,19
tt0104797,72
tt1029360,47
tt5664636,53
tt1413492,54
tt0417001,46
tt0762114,25
tt0119008,76
tt0467197,31
tt0120804,33
tt0335245,56
tt0491152,36
tt0762121,52
tt1637688,53
tt1212436,34
tt1616195,59
tt0186894,52
tt4560436,38
tt2967224,31
tt3322364,55
tt1615160,55
tt0376541,65
tt0111301,.
tt0265087,32
tt0253474,85
tt0397065,41
tt0120681,54
tt6306064,56
tt0790686,35
tt3717252,23
tt0238546,30
tt0880578,32
tt0100403,46
tt1600195,25
tt0080745,58
tt0426592,33
tt0124298,48
tt1712170,30
tt0300051,43
tt0119668,57
tt1473832,59
tt0252503,66
tt0104427,50
tt3553442,57
tt0327679,53
tt2679042,28
tt5776858,90
tt0443701,47
tt1547234,66
tt1235522,49
tt0361089,45
tt0185014,73
tt0257516,31
tt0841046,63
tt0240510,49
tt0492389,23
tt1904996,42
tt0360201,59
tt0211938,39
tt0891527,47
tt0099587,.
tt0478304,85
tt0244000,25
tt1540128,27
tt0383060,26
tt0120824,47
tt0962736,64
tt1742334,41
tt0120724,37
tt0365929,.
tt2358925,32
tt3488710,70
tt0414993,51
tt2304771,60
tt0450314,30
tt0304711,21
tt0401445,47
tt3381008,44
tt1758810,23
tt0280665,59
tt0120479,.
tt0309820,47
tt2053331,.
tt0105211,.
tt2980210,58
tt0120152,45
tt0091767,.
tt0081059,.
tt0134154,69
tt1656186,43
tt1674784,37
tt0416496,.
tt1321869,19
tt0490087,.
tt1093357,18
tt3890160,86
tt1790864,57
tt2726560,33
tt0106226,90
tt4073790,39
tt0163579,33
tt0138304,37
tt0167203,33
tt0082979,76
tt0104257,62
tt0208003,33
tt0242445,39
tt2823054,51
tt1800741,43
tt0417148,58
tt0330793,33
tt0204626,22
tt8688634,51
tt1656190,55
tt0483607,51
tt0120797,47
tt1817771,.
tt1478338,75
tt0976051,58
tt1931435,28
tt1655460,53
tt0319343,64
tt0117333,41
tt1245492,67
tt0281373,29
tt0457510,52
tt0096061,38
tt1135084,45
tt0945513,74
tt0145531,28
tt0203019,56
tt6791096,48
tt1464174,22
tt0106246,.
tt0481369,.
tt0078723,34
tt0418647,59
tt6394270,64
tt0399146,81
tt0790628,44
tt0114214,49
tt0323033,38
tt6628394,60
tt1322312,51
tt0163988,70
tt1053424,32
tt0372873,33
tt0115725,.
tt0118829,.
tt0150216,64
tt0452624,49
tt0306892,.
tt0078788,94
tt4545300,.
tt6859418,.
tt0453562,62
tt1907668,76
tt0113862,59
tt0089755,69
tt0079574,66
tt2278388,88
tt1524930,34
tt0099052,67
tt0186151,67
tt0252501,55
tt1244659,45
tt0113161,82
tt0087332,71
tt0114709,95
tt3104988,74
tt0299658,81
tt0142342,41
tt0252866,43
tt1606389,43
tt0111257,78
tt0099810,58
tt1327773,65
tt0210945,48
tt1136608,81
tt0364725,55
tt0101272,57
tt0112281,45
tt0247638,52
tt0122933,61
tt0116313,58
tt0405159,86
tt0114369,65
tt0327056,84
tt1850457,58
tt1193138,83
tt0332280,53
tt1114677,47
tt0988595,47
tt0213203,62
tt1959563,47
tt0102713,65
tt0430105,49
tt0110322,45
tt1276104,84
tt1588173,60
tt0257360,85
tt1821658,37
tt0231775,32
tt0112431,83
tt1535438,65
tt0800039,67
tt0390022,70
tt0097481,16
tt0871426,55
tt0119313,42
tt0901476,24
tt0364751,29
tt1605783,81
tt4555426,75
tt0312004,87
tt0431308,39
tt0121164,83
tt5619332,46
tt0892318,50
tt0221027,52
tt0139462,39
tt1798684,57
tt0098382,43
tt2406566,63
tt0308506,47
tt0110622,63
tt0783233,85
tt0090264,40
tt0376105,43
tt3397884,82
tt0096933,56
tt0093058,76
tt1259528,49
tt0383010,56
tt0382918,.
tt2911666,68
tt0385726,58
tt1655441,51
tt1193631,45
tt1127180,83
tt7371706,.
tt0327137,52
tt0420223,67
tt0993842,65
tt0300532,61
tt0389722,53
tt0091419,81
tt0421206,52
tt0095631,78
tt1073498,9
tt0093894,45
tt2404311,42
tt6802308,45
tt0119707,11
tt1583420,41
tt1939659,53
tt8623904,50
tt0446046,55
tt1137450,31
tt1674771,38
tt0161083,37
tt2053463,75
tt0472033,60
tt2377322,40
tt2473602,71
tt4209788,71
tt1195478,62
tt1449283,74
tt0118798,75
tt0329028,19
tt4537896,59
tt0114857,39
tt0120776,63
tt0881320,42
tt0465624,50
tt6245710,.
tt0339412,57
tt4463894,40
tt1458175,52
tt6421110,35
tt2072233,34
tt0361841,36
tt0398712,54
tt2364841,36
tt0120008,42
tt4849438,.
tt0370032,18
tt0395972,68
tt1438176,64
tt5109784,75
tt2080374,82
tt0271367,53
tt0116320,.
tt1602001,.
tt5160558,.
tt0327247,24
tt0091225,28
tt0482572,45
tt0402901,30
tt0335121,24
tt0318283,32
tt0324554,40
tt0402399,69
tt0765447,45
tt1549920,54
tt0120710,.
tt0131646,21
tt4513674,64
tt0218817,31
tt2101341,39
tt1098327,45
tt0361620,31
tt0350261,49
tt3922818,33
tt7456310,40
tt1054606,65
tt0280380,42
tt6017942,35
tt0087843,.
tt3881784,76
tt0120683,26
tt4154916,19
tt0443680,68
tt0379889,63
tt0403016,26
tt0482546,57
tt1586752,43
tt2231253,40
tt2814362,1
tt0064552,.
tt2095649,21
tt1935194,.
tt0438859,.
tt0265651,.
tt2126235,33
tt2848292,63
tt0358273,72
tt6781982,43
tt2702724,40
tt0114746,74
tt0285823,56
tt0171433,60
tt5439796,78
tt4136084,71
tt7545266,33
tt0870111,80
tt0387575,46
tt0261289,18
tt0270288,67
tt1127896,55
tt0092804,59
tt10059518,.
tt0140397,62
tt0366627,44
tt0103639,86
tt0087469,57
tt1398426,72
tt3564472,71
tt0134067,.
tt0095016,72
tt0164334,42
tt6359956,42
tt1702439,34
tt1596363,81
tt3387520,61
tt0430922,61
tt1698641,54
tt0349825,68
tt1204975,48
tt0209475,33
tt0363547,59
tt0082398,54
tt2854926,56
tt0265666,76
tt0309698,64
tt0240890,52
tt1250777,66
tt0196229,61
tt0111438,48
tt0481141,50
tt0107120,.
tt0414387,82
tt1622547,49
tt0219653,26
tt0083658,84
tt0114287,55
tt2172934,40
tt1650554,41
tt0498399,59
tt0365907,57
tt1273678,27
tt1430612,40
tt0397078,29
tt0160484,16
tt3316948,50
tt1374989,45
tt0134618,49
tt0120133,.
tt1018765,53
tt0119485,74
tt0455538,35
tt6807754,.
tt0478311,85
tt0086034,63
tt1078588,51
tt0494652,46
tt1710396,44
tt0087892,78
tt0465551,73
tt0804522,55
tt1521197,50
tt1219289,59
tt0102975,65
tt8350360,53
tt0119468,46
tt0080455,60
tt0110213,63
tt1018785,63
tt2241351,55
tt0276751,75
tt0139414,34
tt0425210,53
tt0086197,91
tt1772232,.
tt0118929,66
tt0864761,62
tt0373908,31
tt0089908,42
tt0120769,57
tt0324127,37
tt0415965,48
tt0155711,50
tt5449004,.
tt0486674,.
tt0340376,45
tt4682804,36
tt0073822,.
tt1114740,39
tt0322330,70
tt0405422,73
tt0138097,87
tt0099938,61
tt0910936,64
tt0107818,66
tt0120631,66
tt0099582,55
tt0316356,67
tt0421239,71
tt1598822,22
tt0075784,.
tt1980209,45
tt0309593,38
tt0190590,69
tt0385267,66
tt1038686,32
tt1212450,58
tt0157472,40
tt0090022,64
tt0765010,58
tt1972779,29
tt0358349,32
tt1798603,38
tt0218922,33
tt1486192,44
tt0361925,33
tt2140379,34
tt0385887,60
tt0256524,52
tt1837703,49
tt1747958,45
tt1137470,20
tt0116322,43
tt0387131,82
tt1175491,56
tt0335345,47
tt0107614,53
tt0095953,65
tt1454029,62
tt4846340,74
tt1205489,72
tt1391871,.
tt1408253,41
tt0103855,39
tt0108052,94
tt0333780,47
tt0331632,34
tt0357413,63
tt0329101,37
tt0398808,74
tt0268397,65
tt1060277,64
tt0989757,43
tt0103060,45
tt1047540,36
tt0094226,79
tt0477348,91
tt0243155,66
tt0241303,64
tt1411238,50
tt1524137,51
tt1753383,43
tt1327194,39
tt0108358,50
tt0165929,52
tt0466909,43
tt0414982,41
tt1787759,45
tt0308644,67
tt2180290,.
tt0382077,35
tt0090859,25
tt0852713,55
tt0313911,41
tt0099685,90
tt0435651,47
tt0086250,65
tt0119807,.
tt0093389,76
tt3530002,58
tt0106400,37
tt0274558,80
tt0119695,.
tt0469494,93
tt0282120,69
tt0337711,38
tt0403508,66
tt0279493,69
tt1322269,58
tt0271027,58
tt1647668,56
tt0388500,53
tt0286788,41
tt0388146,.
tt4916630,68
tt6850820,29
tt0452625,19
tt0306685,36
tt0454945,45
tt2039393,55
tt0453451,56
tt4824302,18
tt0144120,48
tt3401882,37
tt0426931,38
tt0366174,40
tt1366344,39
tt0127536,75
tt0066473,46
tt2223990,54
tt0111161,80
tt0498381,25
tt1153706,40
tt0231402,37
tt0116778,43
tt0396652,55
tt0480255,44
tt1082601,61
tt0499556,36
tt0391304,48
tt0124718,63
tt1034389,55
tt2872750,81
tt1633356,22
tt0493405,28
tt0272338,78
tt0356150,45
tt1966359,22
tt0963794,44
tt2461150,47
tt2193215,48
tt0488658,43
tt2328900,60
tt0094799,51
tt0297162,23
tt0091224,.
tt0115472,.
tt0388980,55
tt0362478,47
tt0156841,25
tt0872230,25
tt0265208,47
tt0486321,36
tt0117011,.
tt0265808,25
tt0787475,43
tt1291584,71
tt0145653,54
tt4622512,73
tt1792647,51
tt2006295,55
tt0089489,50
tt1867009,.
tt0289408,65
tt0090728,53
tt0117039,60
tt0489281,61
tt0107007,.
tt0267248,36
tt0999913,45
tt0120620,44
tt0256276,52
tt0117104,35
tt0102984,.
tt6476140,37
tt0898367,64
tt1226837,62
tt1266072,.
tt5968394,54
tt0088103,.
tt0373416,19
tt0239949,21
tt0412080,68
tt0800240,31
tt0114614,46
tt0388183,11
tt0861689,45
tt5314190,58
tt1692486,61
tt0491203,38
tt3569230,55
tt1095217,69
tt2140037,49
tt0428251,25
tt0373450,47
tt0119934,.
tt0337692,56
tt1125929,37
tt7178988,.
tt5932728,25
tt1233301,42
tt1946381,.
tt0066549,.
tt1822382,.
tt2071441,59
tt0092007,71
tt0120082,63
tt1620981,46
tt0302886,54
tt0479143,63
tt2239832,38
tt2671706,79
tt0190138,47
tt1068242,58
tt2568862,50
tt0102685,58
tt0101889,61
tt0130018,21
tt0465494,35
tt0064418,51
tt0122459,54
tt1234548,54
tt1007028,56
tt0238948,25
tt0172493,51
tt0171580,69
tt0464154,53
tt1433108,44
tt0078504,53
tt0335559,52
tt0158811,53
tt0217756,23
tt1100089,81
tt1742650,38
tt0196857,32
tt1833673,61
tt0363473,46
tt0120645,.
tt0790665,.
tt1156398,73
tt0120484,41
tt0102510,65
tt6966692,69
tt0112442,41
tt0884732,35
tt0195714,36
tt0074751,61
tt1124035,67
tt0134847,49
tt5580266,81
tt0244970,32
tt2785390,15
tt0206314,75
tt2138062,.
tt0149691,59
tt0241025,53
tt8115904,.
tt0198386,37
tt0116999,68
tt0360139,46
tt1091751,52
tt0172396,65
tt0102005,.
tt0478134,65
tt1179258,63
tt1893256,43
tt1388882,.
tt0094012,46
tt0450385,64
tt4550098,67
tt3007512,50
tt0099653,52
tt0129387,69
tt0111070,57
tt5814060,46
tt0492956,44
tt0265662,72
tt0112579,66
tt3210686,37
tt0255798,43
tt2980648,55
tt0083987,79
tt0320691,42
tt0113957,51
tt2023453,54
tt0277027,28
tt0398017,40
tt8367814,51
tt1130080,66
tt2387559,44
tt0475290,72
tt0261392,51
tt0108101,.
tt0988047,61
tt0367652,23
tt6003368,39
tt0951216,41
tt2312718,40
tt0465502,40
tt0239948,22
tt0162677,67
tt0221218,34
tt2938956,32
tt0080934,.
tt0236348,47
tt2150592,.
tt0192255,45
tt0356721,55
tt6000478,58
tt1206543,63
tt0107978,40
tt0160236,44
tt5721088,21
tt0065611,.
tt0488888,.
tt1726592,41
tt1423995,58
tt0485244,.
tt0076740,68
tt0796335,59
tt0465538,82
tt0137363,65
tt0117119,49
tt1859650,54
tt1045658,81
tt2531344,69
tt0837563,57
tt0158983,73
tt0083943,44
tt1321509,51
tt0108308,40
tt0180734,48
tt1405500,50
tt0463998,64
tt1298644,35
tt1458169,44
tt0293662,51
tt1023111,39
tt1340800,85
tt0120596,31
tt0144814,42
tt1027862,47
tt1176740,58
tt0179098,59
tt1321860,60
tt3182620,34
tt0143746,21
tt7043012,61
tt5503686,79
tt0120907,68
tt0083642,40
tt0454919,27
tt0082971,85
tt0101414,95
tt6857112,81
tt0104431,.
tt0075860,90
tt0092644,48
tt3783958,94
tt1457767,68
tt0305669,39
tt2543472,66
tt0102926,85
tt0105793,57
tt1116184,56
tt4651520,60
tt6823368,43
tt0077766,51
tt1014775,41
tt2103254,39
tt7343762,60
tt0368578,27
tt1033575,84
tt0332379,82
tt0486822,62
tt0106965,79
tt5325452,30
tt0113855,58
tt0381707,41
tt1198138,25
tt0311289,71
tt1294226,33
tt1391137,43
tt2872518,32
tt2024544,96
tt0303933,63
tt2674426,51
tt7634968,49
tt3628584,67
tt0099487,74
tt7040874,67
tt4355418,.
tt0081353,64
tt0466342,11
tt0283426,38
tt0477071,29
tt0357507,32
tt0220099,53
tt1895587,93
tt8722346,74
tt6063050,32
tt3369806,47
tt1047494,45
tt1148204,42
tt4587656,42
tt0799949,17
tt0947802,47
tt0433386,33
tt3531824,58
tt0082198,43
tt0120703,56
tt0101452,60
tt0483726,39
tt3231054,51
tt1666186,18
tt0078869,52
tt1440728,61
tt0120094,67
tt1268799,61
tt0338013,89
tt1572315,.
tt0449467,69
tt1371150,44
tt0918927,68
tt0372588,64
tt0112722,54
tt0815236,46
tt1013753,84
tt0064782,50
tt2023631,.
tt0288477,28
tt0200465,69
tt0120890,52
tt0814335,33
tt0146882,79
tt0430634,53
tt0479968,24
tt0116260,.
tt0421073,55
tt1213663,81
tt0116367,48
tt1414382,28
tt0479500,53
tt4669788,59
tt2318092,30
tt0475944,19
tt1067774,43
tt0441796,24
tt4799050,51
tt0155975,47
tt0102744,51
tt0114681,86
tt1100119,53
tt0120877,42
tt0800308,64
tt1741273,45
tt0403703,15
tt0490204,61
tt1046163,34
tt0791304,25
tt0083254,.
tt0089457,64
tt0758758,73
tt0124879,39
tt0407121,64
tt0462519,44
tt0113321,56
tt1730768,57
tt1083456,31
tt0373074,78
tt0276033,37
tt2039338,27
tt0455760,34
tt0315733,70
tt0913354,50
tt0419887,61
tt0338325,38
tt0295289,27
tt0059245,.
tt0217630,35
tt0119594,.
tt1232207,61
tt1592525,48
tt1213644,15
tt0770703,35
tt0120483,.
tt2503944,42
tt0326856,31
tt0430431,38
tt0109348,.
tt0995039,72
tt0258068,84
tt1712261,52
tt2547584,60
tt0384680,61
tt0281322,58
tt1160368,38
tt1228987,79
tt0109015,39
tt0799934,52
tt0413015,71
tt0118954,61
tt0144640,36
tt0098625,48
tt0116242,.
tt0804461,36
tt3960412,68
tt2776878,68
tt0780511,47
tt0270846,9
tt1532958,29
tt2865120,29
tt0795368,67
tt0399327,33
tt0462229,33
tt1791528,81
tt2002718,41
tt0065054,53
tt0763304,23
tt0377107,64
tt1190617,20
tt0310357,61
tt0489282,12
tt1810683,30
tt0151568,90
tt1629757,45
tt2937898,79
tt1571222,76
tt0405296,73
tt0976222,66
tt0369226,9
tt0337876,50
tt1781827,54
tt3361792,48
tt1092082,.
tt1054588,57
tt1366365,22
tt0383028,67
tt1034415,64
tt3719896,34
tt0080492,.
tt0266747,20
tt0238380,33
tt1520498,32
tt0889588,49
tt0138946,58
tt1664697,.
tt1175709,57
tt3707106,44
tt0354595,47
tt0110944,.
tt1274300,43
tt0940709,46
tt3319920,32
tt2544766,.
tt1488181,.
tt3247714,28
tt0443533,.
tt1134666,.
tt4280822,22
tt3492042,.
tt2737304,51
tt5580390,87
tt0446755,69
tt2005374,37
tt1270262,52
tt0088763,87
tt0099348,72
tt0175142,48
tt1284575,47
tt1700841,66
tt0098273,66
tt0305711,28
tt1385912,55
tt0356470,25
tt0081505,66
tt0185371,28
tt0455407,56
tt0472198,60
tt8097306,39
tt0889573,52
tt1216492,33
tt0816442,53
tt0452623,72
tt0205461,19
tt0056264,48
tt1838544,36
tt1135985,49
tt0120670,.
tt0810922,42
tt1870529,42
tt6495770,36
tt0058085,.
tt0107719,.
tt0116745,57
tt0485236,.
tt0384806,33
tt0268126,83
tt1058017,58
tt0120669,41
tt8244784,50
tt2004420,68
tt0443453,89
tt0110475,56
tt0094737,73
tt0250494,59
tt0377092,66
tt0088170,56
tt0404032,46
tt0205000,30
tt0337579,59
tt0356680,56
tt0307987,70
tt0093773,45
tt3760922,37
tt3862750,36
tt0118655,51
tt1650043,51
tt0086879,88
tt0926129,17
tt1596346,53
tt0328589,52
tt7334528,57
tt2562232,87
tt0091738,74
tt0280707,90
tt0273923,48
tt2334873,78
tt0475276,90
tt0322589,37
tt0432291,27
tt0117723,25
tt3623726,54
tt0097441,78
tt1478839,43
tt0087078,53
tt2279339,31
tt0065528,70
tt1197628,54
tt0081398,89
tt0899106,33
tt1016075,39
tt4287320,43
tt0090357,65
tt1542344,82
tt0196216,69
tt0210616,52
tt1594972,21
tt0337917,33
tt2357129,44
tt0264796,45
tt2465146,38
tt1032815,32
tt0082085,85
tt0236784,66
tt0082648,.
tt2167202,22
tt0119349,72
tt0340012,65
tt0098519,32
tt0082288,68
tt0109707,70
tt1032755,53
tt0084316,.
tt0116477,.
tt0114272,66
tt2649554,76
tt4540710,64
tt2172935,61
tt0313792,43
tt0118040,.
tt2763304,67
tt0090568,29
tt1922685,40
tt0235737,41
tt0120775,24
tt1321865,94
tt0386741,57
tt1024744,.
tt3212232,.
tt1403241,37
tt0489018,.
tt1085492,19
tt5127300,.
tt0089893,35
tt1748179,36
tt0829482,76
tt1142800,50
tt1023481,50
tt4064028,.
tt0395169,79
tt0486551,46
tt1425922,48
tt0804540,.
tt6644200,82
tt0230600,74
tt0090605,84
tt1924435,30
tt0119345,52
tt0058385,95
tt0375063,94
tt2083355,59
tt0758746,34
tt1981677,66
tt1288558,57
tt2097298,60
tt4648786,66
tt4649416,55
tt0454841,52
tt8364368,60
tt0243736,53
tt0326900,49
tt1148297,.
tt0120770,26
tt1152398,40
tt5210194,.
tt0084827,58
tt0979434,50
tt0325258,36
tt0466856,63
tt0234829,21
tt0120324,82
tt0462395,21
tt0094074,24
tt0159421,59
tt0056800,.
tt0865559,34
tt0465142,45
tt0404390,41
tt1433822,18
tt0375104,45
tt0091934,16
tt0083001,65
tt0312549,55
tt1703957,56
tt0075909,.
tt8332922,.
tt1002563,33
tt0422295,50
tt0102492,56
tt0094291,56
tt0114388,84
tt0443543,68
tt0416508,55
tt0315983,71
tt0815244,45
tt0097165,79
tt0098635,76
tt0215129,55
tt0084855,77
tt0139699,50
tt1748122,84
tt1655442,89
tt1139668,30
tt0295427,12
tt0420294,30
tt1265990,23
tt0425430,34
tt0087553,76
tt0250720,24
tt0101764,.
tt0255819,55
tt0245686,20
tt0430770,27
tt0425112,81
tt0497465,70
tt8385474,43
tt7734218,42
tt0204175,29
tt7690670,52
tt0110413,64
tt1403981,40
tt0283139,61
tt1131734,47
tt0186045,25
tt0093818,74
tt0319524,45
tt2467046,12
tt0367085,33
tt0095687,.
tt1716777,49
tt0139809,36
tt0380277,15
tt0079550,.
tt0091203,24
tt1620935,62
tt0278823,46
tt0134630,40
tt0165710,33
tt0469623,63
tt2398231,68
tt1924429,61
tt4380070,.
tt0120207,.
tt0384686,60
tt0436364,40
tt1545106,57
tt2249221,.
tt2126357,46
tt0247444,24
tt0273435,62
tt5449860,.
tt1442286,.
tt2935476,71
tt0439815,69
tt0099785,63
tt0086960,66
tt0092099,50
tt0084805,88
tt1504320,88
tt0169547,84
tt0190332,94
tt0096320,53
tt0117571,65
tt5140878,62
tt0077663,72
tt0088939,78
tt2084970,73
tt0094721,70
tt0052618,90
tt1179933,76
tt2023587,57
tt0081375,59
tt0080549,87
tt0093409,68
tt1196141,56
tt0373883,47
tt0436697,91
tt0906108,54
tt1596365,62
tt0110367,87
tt7349662,83
tt0455857,27
tt0265298,36
tt0118887,64
tt0120885,73
tt0882977,51
tt0306841,56
tt3850590,49
tt1855199,68
tt0133751,61
tt0108551,.
tt0277371,32
tt2305051,76
tt0056172,100
tt2980516,72
tt0780504,78
tt0192614,24
tt0060491,.
tt5083738,91
tt0328099,43
tt0881891,17
tt0198021,30
tt0844708,42
tt0317132,54
tt0372532,32
tt0093779,77
tt0220506,19
tt0427309,65
tt2247476,41
tt0082186,59
tt0361467,33
tt0120772,51
tt0463854,78
tt0119229,76
tt5719700,41
tt0229260,15
tt0118749,85
tt0493949,56
tt2402157,38
tt0115963,55
tt0416320,72
tt0107943,84
tt0107711,.
tt0192731,16
tt3504988,.
tt0434215,57
tt4139124,63
tt1555064,45
tt0283084,66
tt0419946,45
tt7798646,62
tt0134619,.
tt0118715,71
tt1972571,73
tt1258972,51
tt0087262,50
tt5941692,41
tt1764234,64
tt0240515,13
tt1563738,48
tt0352277,53
tt1172233,68
tt0144964,21
tt4276820,66
tt0417225,55
tt0310910,59
tt8266310,71
tt0164108,56
tt0120598,44
tt0097965,.
tt0119304,45
tt0195778,25
tt0361696,33
tt0088846,88
tt0106664,53
tt0829459,74
tt0085271,57
tt4341582,73
tt0202402,20
tt0278500,60
tt0166252,.
tt0453494,46
tt3203606,60
tt0780536,67
tt3578170,.
tt0166924,84
tt5834262,58
tt1031969,53
tt1142433,35
tt1178663,45
tt0163676,14
tt0120716,40
tt0373469,72
tt0138510,31
tt1727776,32
tt0397044,33
tt1182350,51
tt3164256,29
tt1334260,69
tt2364897,31
tt0335013,73
tt0800241,72
tt0142201,46
tt0090848,34
tt0165773,72
tt0295526,.
tt0114660,46
tt0362084,.
tt1020558,62
tt0117653,.
tt0805570,58
tt1535612,36
tt0484111,49
tt1487931,40
tt4229814,.
tt3856124,.
tt0212803,.
tt6155172,96
tt2503954,32
tt0107048,72
tt2268016,60
tt0117509,60
tt2584018,30
tt0105695,85
tt0100405,51
tt0093010,67
tt1010048,85
tt0072308,69
tt0096969,75
tt0106611,60
tt0775539,44
tt1179891,51
tt0431021,45
tt0083944,61
tt0076752,55
tt7083526,46
tt0146336,35
tt0083169,49
tt2736560,.
tt0103247,62
tt0094947,74
tt2584384,58
tt0167427,42
tt2609790,.
tt0107840,51
tt0298388,58
tt0278295,34
tt0076009,39
tt1305583,38
tt0114825,27
tt0270980,15
tt0971209,63
tt0117894,33
tt0118301,27
tt0120857,53
tt0076451,64
tt0325136,.
tt0109504,65
tt0770772,49
tt2637294,29
tt4126476,30
tt0308055,54
tt0192111,27
tt1663143,37
tt0404203,75
tt0176783,31
tt0120613,70
tt0437232,62
tt2473794,94
tt0218619,20
tt0113463,45
tt0817177,45
tt0077296,.
tt0362582,.
tt0981072,53
tt0466893,61
tt0388795,87
tt0112697,68
tt1106860,.
tt0100758,51
tt0049833,.
tt0859635,41
tt0297884,84
tt1931533,66
tt0180073,70
tt0083678,66
tt1096959,.
tt0182000,44
tt0427498,.
tt2011159,26
tt0093105,67
tt0947798,79
tt0206275,53
tt1702443,52
tt6133466,54
tt4257926,44
tt0184907,34
tt0289879,30
tt0071562,90
tt4052882,59
tt0093870,67
tt0095742,56
tt0937375,63
tt1826590,62
tt0242423,30
tt0096487,50
tt2170593,64
tt2183034,53
tt0147800,70
tt0241760,24
tt0107659,.
tt0118665,6
tt0120609,31
tt0099253,37
tt0116493,.
tt0884328,58
tt5262674,.
tt0120601,90
tt0269341,35
tt5916886,.
tt1814621,48
tt1659337,67
tt0250224,61
tt0120577,33
tt3170832,86
tt4183692,57
tt0498380,89
tt0120654,.
tt3863552,.
tt0120531,.
tt0111127,64
tt0144168,65
tt0172726,43
tt0258470,41
tt0346621,.
tt7545524,66
tt0416185,55
tt2023432,.
tt3312830,64
tt0116269,.
tt1524575,38
tt0419749,65
tt0104215,.
tt0420609,68
tt1478964,75
tt3802576,.
tt0218378,62
tt2404639,64
tt1714209,56
tt0954947,53
tt4878482,53
tt2389374,.
tt1911644,51
tt4939066,50
tt1600196,69
tt0305396,50
tt0985694,60
tt0168786,62
tt0283530,49
tt0108399,59
tt1232783,24
tt0104348,80
tt0083722,62
tt0079753,.
tt1244754,61
tt0805564,70
tt1723611,.
tt0168629,61
tt1194417,51
tt0119843,66
tt0116378,.
tt0473102,42
tt1496422,45
tt5091538,.
tt0095489,66
tt0073195,87
tt0070047,81
tt2582846,69
tt0163651,58
tt1621045,51
tt1929263,47
tt0091129,37
tt0084726,67
tt0303714,66
tt0086567,77
tt0109040,37
tt1591479,40
tt0090329,76
tt0462590,48
tt1706593,69
tt0115641,64
tt0066206,91
tt1636826,48
tt5027774,88
tt3741834,69
tt1563742,42
tt0119396,64
tt0086619,68
tt0481536,57
tt2431286,77
tt0081633,79
tt0275022,27
tt3622592,56
tt1082868,53
tt0265459,64
tt0406759,36
tt0359517,29
tt0278488,29
tt0054331,87
tt0479884,57
tt0104940,64
tt2582782,88
tt0120679,61
tt2215719,57
tt2784678,81
tt0128442,54
tt0061452,48
tt0079758,41
tt2436386,47
tt7329656,43
tt7390646,54
tt1407061,51
tt0164181,67
tt0114608,48
tt0077269,40
tt0365885,63
tt0429591,51
tt1821549,86
tt0332712,23
tt0273799,40
tt1625346,71
tt7510346,35
tt2194499,55
tt7125860,87
tt5322012,32
tt0120722,64
tt1084950,82
tt0082934,61
tt0335119,72
tt5615904,.
tt0385004,89
tt0279781,25
tt5301662,66
tt1042877,65
tt1764183,73
tt0053580,.
tt0156323,7
tt0439289,52
tt1566501,35
tt0470765,68
tt0120533,41
tt0339034,14
tt0091276,56
tt0116414,44
tt0199626,46
tt1404600,.
tt1427984,.
tt0082958,.
tt0129332,46
tt0238924,69
tt1682180,58
tt1416801,50
tt0361715,82
tt1730687,41
tt0279831,.
tt0271259,61
tt0118901,.
tt0399095,42
tt0120618,42
tt4982758,.
tt1486193,31
tt3453052,.
tt1734171,.
tt2968804,29
tt2598580,.
tt1014762,47
tt2910904,47
tt0167423,33
tt2402927,94
tt0098084,38
tt1860213,21
tt1034302,.
tt1210106,.
tt0087363,70
tt0059113,69
tt0964517,79
tt0101921,64
tt0493430,66
tt0104952,68
tt1355630,46
tt0097815,62
tt0281358,35
tt0112818,80
tt0139134,56
tt2381111,88
tt0416212,57
tt5362988,73
tt2404425,51
tt0082517,47
tt5580036,77
tt1233227,30
tt0250310,20
tt6513120,68
tt0105217,.
tt0072684,89
tt1441951,64
tt0253798,22
tt0213790,22
tt0246989,15
tt2042568,93
tt0360772,.
tt2651324,.
tt0362269,79
tt1699755,52
tt0108550,73
tt7008872,69
tt4832640,.
tt0240900,12
tt0377992,52
tt0383694,83
tt0114057,.
tt0114113,.
tt0066090,62
tt0102782,.
tt6986684,.
tt0424908,59
tt3547740,.
tt1592873,.
tt3658772,24
tt5294518,.
tt1132626,20
tt0449999,.
tt0078748,89
tt0084516,79
tt0122541,67
tt0287733,.
tt1709143,46
tt0083866,91
tt0062622,84
tt0419843,47
tt0108320,.
tt0313300,.
tt0085873,.
tt1573072,.
tt0473700,25
tt1502407,67
tt0119217,70
tt0391198,49
tt0083131,68
tt0489270,48
tt4094724,55
tt6857166,53
tt0204946,52
tt5726086,49
tt0160862,51
tt0890870,36
tt0455612,45
tt0375210,30
tt0090863,77
tt3195644,52
tt0104868,46
tt4925292,94
tt5173200,.
tt7784604,87
tt5164432,72
tt0096928,50
tt0056197,75
tt0116483,31
tt3348730,39
tt0263488,49
tt0090060,35
tt0063385,74
tt0265632,43
tt0089530,71
tt0076538,46
tt3882082,42
tt0088944,51
tt5001718,52
tt1314655,44
tt0293815,35
tt2555736,51
tt0089461,.
tt4795124,54
tt0104692,42
tt0981227,64
tt0337909,60
tt0120655,62
tt5690360,30
tt0280460,48
tt0208092,55
tt0098206,36
tt7424200,69
tt1389139,28
tt0086491,44
tt0110399,.
tt2515086,49
tt0283026,29
tt0424993,36
tt2752772,32
tt3387542,34
tt1220198,34
tt0086066,41
tt0127723,52
tt1876451,54
tt4669186,60
tt3379694,.
tt1564585,26
tt3521126,76
tt1540011,47
tt0085407,69
tt0242998,18
tt0420087,75
tt0499554,47
tt2473510,30
tt0846308,63
tt0089348,29
tt0403455,59
tt5563334,55
tt0128445,86
tt0100814,65
tt0380623,27
tt0100168,61
tt0240468,14
tt4196450,69
tt0295700,32
tt0081071,64
tt0142192,56
tt1092633,39
tt1655420,65
tt1126590,62
tt0412019,79
tt0314166,47
tt5125894,36
tt0365485,65
tt0119572,.
tt0219699,62
tt0192071,52
tt0151804,68
tt0157503,28
tt4807408,49
tt0124198,31
tt0368975,33
tt4595882,87
tt0086984,69
tt1470023,43
tt0785007,30
tt0166110,42
tt1307068,59
tt0454970,36
tt9173418,29
tt2582500,25
tt1477837,70
tt1748227,38
tt0120586,62
tt0166896,86
tt0231448,16
tt0082507,.
tt1772288,58
tt1156320,.
tt0204193,.
tt10798734,.
tt0279286,34
tt1801552,24
tt4645330,63
tt6521876,46
tt1472584,22
tt2937696,83
tt0115964,47
tt0165854,73
tt2752688,67
tt0200720,78
tt0093483,.
tt0438315,40
tt1411664,9
tt3850544,43
tt0215545,50
tt0083113,.
tt6049430,.
tt1554091,64
tt0290983,.
tt0171356,42
tt0309912,71
tt2367359,.
tt0432637,68
tt2674454,44
tt0173716,57
tt1777595,37
tt0285861,70
tt0955411,25
tt0784972,32
tt2345112,51
tt0291502,18
tt0884224,37
tt0388182,63
tt0373024,53
tt0253126,39
tt1262981,69
tt2553908,.
tt1183923,50
tt4254584,69
tt2170584,.
tt0953896,.
tt5351480,.
tt1210039,49
tt1220220,34
tt0349416,34
tt2113659,49
tt1007018,47
tt2325977,42
tt1210071,.
tt0887719,.
tt3202120,.
tt8820590,.
tt1320291,.
tt2300975,37
tt1319716,40
tt1568139,.
tt2556874,32
tt1725969,72
tt2396589,85
tt1147687,.
tt1070781,.
tt0213985,.
tt2304595,.
tt1694021,43
tt3352390,31
tt1376195,.
tt1091722,76
tt1602620,93
tt3859076,66
tt0195945,41
tt0062512,61
tt0095889,40
tt5074352,.
tt1017451,65
tt1161418,28
tt1612319,.
tt0057193,59
tt0441909,84
tt1527186,80
tt0082509,51
tt2176013,.
tt0114279,.
tt1198101,62
tt3716530,89
tt0803061,.
tt2077908,64
tt0324216,38
tt0067093,67
tt2975578,50
tt0059800,64
tt5886046,48
tt4913966,41
tt0482606,47
tt0117603,.
tt4361050,65
tt0168501,61
tt0094862,58
tt8155288,57
tt8772262,72
tt0386032,74
tt4994952,.
tt0186975,13
tt0366551,64
tt0208874,59
tt0181984,63
tt0454082,22
tt1878870,77
tt1619029,81
tt0087451,44
tt0349169,46
tt1922612,48
tt0097499,83
tt4669986,79
tt0775529,85
tt0323572,33
tt0202677,49
tt6423362,52
tt1104733,54
tt0280760,72
tt0110759,42
tt0210567,23
tt0441007,52
tt1673697,67
tt2950418,35
tt7137380,62
tt0434424,29
tt0120879,65
tt4082068,76
tt0286261,72
tt0420835,56
tt5350540,.
tt0062711,51
tt2354181,.
tt3276924,37
tt0090555,62
tt0325596,.
tt0211933,33
tt7653254,94
tt4034228,96
tt1263670,83
tt1185834,35
tt1666801,56
tt2872718,76
tt0093437,63
tt7961060,59
tt0079826,67
tt1171222,34
tt4981636,51
tt0126886,83
tt2017038,87
tt0331953,45
tt0810784,81
tt0118589,14
tt2345737,64
tt0963194,32
tt6175394,.
tt1188996,50
tt0795434,.
tt2178470,.
tt0164085,.
tt1711376,.
tt0043949,.
tt0059742,63
tt0087277,42
tt7489740,.
tt0110912,94
tt0087538,60
tt0079588,74
tt0088161,71
tt0449059,80
tt1282140,72
tt0092005,75
tt0079116,76
tt0365957,37
tt6722030,39
tt1306980,72
tt1178665,51
tt0297037,58
tt0104454,89
tt1800246,36
tt0482599,37
tt0082763,27
tt0064757,61
tt0107616,.
tt0105151,86
tt0083767,59
tt0437800,72
tt0111686,64
tt0164114,42
tt2390361,78
tt0120693,16
tt1095174,29
tt0144084,64
tt0437179,17
tt0279113,71
tt0479647,.
tt1604171,50
tt0110137,.
tt0189998,71
tt2582496,74
tt0804497,63
tt0086510,.
tt0117283,.
tt0206420,41
tt4520364,48
tt6408216,.
tt0387898,83
tt1431181,80
tt0102915,.
tt0118863,46
tt1371155,65
tt4196848,37
tt0119937,56
tt0086582,.
tt0283503,53
tt0314676,45
tt0982898,.
tt1273221,16
tt1498569,47
tt0119494,.
tt1235189,41
tt0964539,55
tt3606888,54
tt0360323,36
tt0342272,33
tt5648372,.
tt5153288,48
tt8236336,66
tt2112277,.
tt1504362,.
tt4060866,.
tt0324133,70
tt0097239,81
tt0120169,68
tt1572162,.
tt0498353,46
tt1174732,85
tt1225822,61
tt0272207,70
tt0338427,62
tt0087428,36
tt0263734,.
tt1001562,17
tt0410454,.
tt1602098,57
tt1974419,51
tt0319829,32
tt5727282,63
tt0456152,.
tt0242527,.
tt1772422,.
tt3488328,41
tt4030600,37
tt0833553,49
tt0485877,.
tt0808417,90
tt0066995,59
tt0203408,14
tt1778304,59
tt0467406,81
tt0068646,100
tt1915581,72
tt0085549,39
tt6450186,30
tt6472976,53
tt0089791,47
tt0107822,89
tt1640484,56
tt0070328,55
tt0156812,61
tt0282209,23
tt0832266,59
tt0433383,80
tt0379725,88
tt0071577,43
tt1611176,.
tt0112851,55
tt0074812,53
tt4481414,60
tt0116282,85
tt0246002,48
tt0983946,22
tt0071807,43
tt0094612,36
tt0085276,52
tt0245280,57
tt3850214,72
tt7752126,44
tt0395584,53
tt2752758,34
tt0116324,81
tt3125324,73
tt0103893,48
tt0160401,53
tt0251736,31
tt0090021,26
tt0317676,15
tt1019452,82
tt1315981,77
tt0095497,80
tt1336617,74
tt0125971,62
tt0252444,80
tt0785077,18
tt0105459,.
tt0102538,.
tt0250371,38
tt0099817,.
tt0090631,.
tt0420332,67
tt1012804,69
tt0160216,38
tt0298744,66
tt6205872,56
tt1421051,67
tt2993526,.
tt2739338,33
tt1220628,26
tt0085868,51
tt0076175,.
tt1658801,50
tt2402105,55
tt1361313,56
tt0118836,.
tt0367578,.
tt3401748,.
tt3469440,.
tt3687310,51
tt0810900,.
tt0942903,.
tt0089767,61
tt1582507,31
tt0106677,78
tt1255953,80
tt0406650,41
tt0491144,.
tt1647810,.
tt3322940,37
tt0101507,76
tt0093378,65
tt0082405,55
tt0080661,74
tt10039344,31
tt0106223,.
tt4131800,39
tt0371627,.
tt0436331,68
tt0066769,60
tt0200469,23
tt1230168,47
tt1723811,72
tt1869716,68
tt0790712,77
tt0359423,59
tt1414378,.
tt0088247,84
tt0301357,68
tt0421082,78
tt1226271,81
tt7632930,.
tt4364194,70
tt0113749,41
tt0077631,70
tt0091763,92
tt0084434,75
tt0361596,67
tt0064115,66
tt0058331,88
tt0081283,87
tt7137846,42
tt0055614,86
tt0048960,.
tt0080487,48
tt7798634,64
tt0250274,50
tt1125849,80
tt0097216,92
tt0082340,76
tt0161100,52
tt0114814,77
tt0071315,92
tt1489887,84
tt0038499,.
tt9024106,10
tt0218839,78
tt0455590,74
tt0310281,81
tt4504044,45
tt5734576,37
tt0096054,49
tt0462244,13
tt0095690,60
tt0049934,.
tt0120148,59
tt0114609,.
tt0097474,28
tt1840417,37
tt3722070,70
tt0183659,77
tt0137338,33
tt7339792,39
tt1702425,52
tt1540133,78
tt0844671,15
tt0147004,68
tt1151922,7
tt0145893,27
tt2870708,43
tt0489327,82
tt2771372,62
tt0107750,.
tt0248845,85
tt0323944,73
tt1082886,61
tt0234354,45
tt1194238,63
tt1541995,42
tt6998518,81
tt0270259,67
tt0101412,.
tt0065214,97
tt0300214,78
tt0322289,67
tt0457308,64
tt2955246,.
tt1365050,79
tt1667310,52
tt1365472,.
tt0976247,16
tt6021478,.
tt1649005,.
tt0110490,.
tt0938305,.
tt1575694,.
tt1639084,63
tt0086541,60
tt0116191,66
tt0063442,79
tt0322956,.
tt0356614,.
tt1772408,29
tt0120210,.
tt1798695,.
tt0401784,.
tt0473024,30
tt0286179,69
tt1303803,22
tt2166214,.
tt1570501,.
tt0070735,83
tt0082158,78
tt0422093,36
tt0117631,87
tt2229499,66
tt0068699,69
tt1999890,26
tt0330602,41
tt3262342,62
tt0162346,88
tt0280778,76
tt0080771,.
tt1754108,.
tt0335563,43
tt1508675,82
tt3335606,70
tt1251743,35
tt2667960,56
tt4426738,65
tt2932536,52
tt0405508,.
tt1525366,62
tt0811106,50
tt4547056,67
tt0037465,.
tt1618430,.
tt0081534,29
tt0259446,62
tt5052448,85
tt7017420,.
tt0432348,40
tt2226417,40
tt4786282,58
tt3567288,55
tt0322802,42
tt5308322,58
tt2109184,40
tt1204977,38
tt7958736,53
tt0093629,49
tt4178092,77
tt5462602,86
tt0072081,61
tt0046247,.
tt1748238,.
tt8186318,17
tt0340855,74
tt2473682,42
tt0046672,83
tt4094248,.
tt0790636,81
tt1781922,38
tt0080678,78
tt2918436,31
tt1637706,60
tt1285009,48
tt0424345,65
tt0119905,.
tt0249462,74
tt1727388,68
tt2870612,38
tt4824308,22
tt0118632,83
tt0084296,63
tt0102065,.
tt0187819,.
tt3499096,56
tt0082766,55
tt6042478,.
tt0095271,34
tt1772240,24
tt7388562,52
tt2205401,32
tt9086228,64
tt0113253,10
tt0046949,.
tt0119080,78
tt0082817,56
tt0097388,14
tt4695012,78
tt0365748,76
tt1045655,28
tt0116905,78
tt0090655,49
tt0083833,82
tt1691916,58
tt0085862,65
tt1517098,.
tt4667094,28
tt0050379,.
tt0053290,.
tt0083630,18
tt0795438,43
tt10481868,49
tt3014666,25
tt4871980,41
tt0259974,20
tt0332375,62
tt0075147,.
tt0077572,42
tt0245120,35
tt9354944,39
tt8632862,69
tt0098546,32
tt1529567,.
tt0456554,33
tt3553976,72
tt0120831,69
tt0227005,62
tt1182345,67
tt4337690,28
tt3216348,30
tt0415949,57
tt0120255,91
tt0914797,56
tt0084171,.
tt1412528,40
tt6511932,55
tt4950016,.
tt0110005,.
tt3702652,41
tt1216491,60
tt0935075,76
tt3614530,42
tt5247022,90
tt0120906,.
tt0102443,.
tt0361862,61
tt0102307,70
tt0486259,66
tt2800038,9
tt0320244,36
tt0422861,48
tt0115734,66
tt2388637,74
tt0459293,57
tt0896866,70
tt0119560,.
tt3813310,66
tt0357585,.
tt1200853,.
tt0937237,52
tt1798243,52
tt1451684,.
tt1220213,52
tt1519461,30
tt1396523,36
tt4454612,.
tt1131732,.
tt0465430,.
tt1274586,31
tt3838992,23
tt1079444,.
tt0901504,.
tt5723286,66
tt0959306,21
tt1460798,.
tt0077294,.
tt2063015,.
tt1717210,.
tt2237914,.
tt2938464,.
tt4906112,.
tt3612616,74
tt2287663,.
tt0117666,84
tt0497383,.
tt1602613,37
tt1675192,85
tt0092076,42
tt0095484,70
tt0446687,56
tt1547090,.
tt4255584,.
tt0389831,.
tt2082197,.
tt0364961,63
tt0977662,.
tt0087928,41
tt0109831,81
tt0080453,31
tt0083929,61
tt0117589,91
tt0307901,67
tt0088680,90
tt0049513,.
tt3464902,82
tt0115736,61
tt0180093,68
tt0056526,.
tt0444480,.
tt0091886,69
tt0246578,88
tt1629705,61
tt1881002,52
tt1785279,.
tt1578715,.
tt0857190,48
tt2295722,49
tt2081194,.
tt1730760,24
tt3346224,39
tt2118624,59
tt3702088,.
tt0073486,83
tt0075222,75
tt3075362,.
tt0403261,.
tt1532957,30
tt0100258,54
tt1313092,83
tt1507261,47
tt0475293,.
tt0046183,76
tt0104036,90
tt0335266,89
tt0075686,92
tt3181822,30
tt0044672,.
tt0113627,82
tt0285742,69
tt1065073,100
tt0053804,.
tt0842926,86
tt0079470,77
tt2828996,17
tt6107548,70
tt2034139,35
tt0071524,.
tt0049875,.
tt0089907,66
tt0096256,54
tt0195234,62
tt0057115,87
tt7984734,83
tt1878841,27
tt0457513,48
tt0290332,18
tt0199290,11
tt0969307,.
tt0318374,69
tt0055184,77
tt0448075,51
tt0110189,.
tt1158755,.
tt1108828,.
tt0292644,50
tt0065112,.
tt0454987,27
tt0113101,.
tt0274812,63
tt0360916,34
tt0096219,66
tt0188863,23
tt2911094,.
tt0796375,64
tt1645080,36
tt0318761,69
tt0873886,50
tt0366780,55
tt0092615,.
tt2076220,84
tt2910814,54
tt0126859,42
tt1839642,51
tt3614128,.
tt0095905,.
tt0206226,42
tt4383288,65
tt2403393,49
tt5517008,.
tt0218182,56
tt0305973,31
tt0119502,.
tt2059171,44
tt1719071,46
tt4509744,.
tt2372251,56
tt0298482,.
tt0068156,.
tt0020960,.
tt2573798,.
tt3533916,.
tt2414822,.
tt2395247,.
tt4340720,.
tt0031381,97
tt0060665,72
tt0016641,.
tt0074958,83
tt0059418,62
tt0072251,68
tt0042200,77
tt1341167,68
tt3205376,72
tt0065446,.
tt0040694,.
tt0464049,74
tt0450340,44
tt0064665,79
tt0080339,78
tt0119164,75
tt8332674,.
tt0107554,76
tt0113118,54
tt6674752,.
tt1072748,28
tt5726616,93
tt0262396,38
tt2387433,50
tt4103724,36
tt0092796,39
tt0061809,89
tt0053131,.
tt0068611,91
tt0060490,51
tt0131436,.
tt0117628,.
tt0081617,.
tt0120684,74
tt0092991,69
tt0088993,60
tt0258038,31
tt8151874,73
tt4700756,.
tt3721936,79
tt7048386,.
tt3103166,22
tt1609781,.
tt2435500,.
tt0846789,.
tt2166834,.
tt2761578,.
tt4146338,.
tt0076141,55
tt1615147,76
tt1024715,47
tt0385779,.
tt0470679,39
tt4617208,.
tt0049055,.
tt2582802,88
tt1095453,.
tt0783238,65
tt0085334,77
tt0083739,49
tt0144178,55
tt0063522,96
tt5688932,80
tt0056217,94
tt0390221,87
tt3239836,.
tt1185836,56
tt1232802,.
tt0038650,89
tt0117951,83
tt2647116,.
tt0077975,79
tt1536044,53
tt3832914,26
tt2184339,41
tt0058150,87
tt1922777,53
tt0236388,76
tt0050212,87
tt0077362,61
tt0166396,71
tt0118570,.
tt0310793,72
tt0073312,89
tt0091080,30
tt0327036,40
tt0053604,94
tt8637428,89
tt0051459,80
tt0065462,46
tt6000398,.
tt0107254,17
tt0100666,.
tt6113488,50
tt0074512,79
tt0061107,55
tt6499752,67
tt0089444,37
tt0053793,.
tt1097013,46
tt0055031,60
tt0158493,.
tt0160298,.
tt0040724,.
tt0250323,78
tt2209418,94
tt0094118,8
tt0844479,29
tt0095863,42
tt5804314,.
tt0490196,36
tt0399901,55
tt0296166,71
tt0082432,65
tt1663702,.
tt4353250,83
tt4034354,64
tt0174336,10
tt0166981,.
tt5923204,.
tt0878835,78
tt0067992,67
tt0108517,.
tt0118541,15
tt0077405,93
tt3367294,28
tt0155776,22
tt0115632,65
tt1462054,31
tt0147612,81
tt1618432,23
tt0337996,51
tt3099498,55
tt4218696,57
tt0363589,70
tt0364569,77
tt1640459,55
tt2690138,.
tt1920849,53
tt1686018,31
tt3253232,.
tt0116361,61
tt0785025,.
tt0309529,.
tt1855401,40
tt1145855,.
tt3884512,.
tt1229370,.
tt2211646,.
tt0385890,32
tt1841642,.
tt6047630,.
tt2398249,60
tt1922679,.
tt0043274,68
tt0482461,28
tt1390404,.
tt1085382,.
tt1754264,.
tt2048865,.
tt2417650,.
tt0062138,.
tt4369142,.
tt1252289,.
tt3107668,.
tt3551400,.
tt3511596,.
tt0038589,.
tt0042332,85
tt0055312,.
tt1152822,58
tt0053291,98
tt0072431,80
tt0075005,62
tt0410097,68
tt0095179,13
tt0032138,100
tt0078872,84
tt0120402,77
tt6512428,53
tt4080386,.
tt0057007,.
tt0049140,.
tt0035959,.
tt0071230,73
tt4170078,.
tt0093512,75
tt0389326,80
tt2243223,.
tt0857295,.
tt0045152,99
tt2243537,20
tt2247692,26
tt2609912,53
tt0333766,67
tt0117887,71
tt0082495,40
tt0815241,56
tt0067065,69
tt0057163,62
tt1714206,82
tt0102494,77
tt0112471,77
tt4698684,81
tt1990314,67
tt0380732,.
tt1390539,.
tt0314412,57
tt1294164,50
tt1049405,40
tt1484522,55
tt1634003,38
tt0247934,.
tt1666335,46
tt1663628,.
tt3300572,46
tt3333870,56
tt1307926,44
tt0116404,.
tt0387808,66
tt1455676,.
tt6952960,75
tt1995477,30
tt1084715,.
tt0036628,.
tt4056738,22
tt0044030,.
tt0118925,.
tt2510028,58
tt0098503,.
tt5928532,.
tt0092695,.
tt0032910,99
tt0032455,96
tt0067116,94
tt0810928,37
tt1264890,.
tt1086841,.
tt0038213,.
tt0449000,.
tt0036868,93
tt0242193,45
tt1038988,69
tt1622991,.
tt1675312,.
tt2215673,.
tt1630036,42
tt0038787,100
tt0061811,75
tt0070707,77
tt0068555,66
tt5637996,.
tt7014006,89
tt0056592,88
tt3462264,.
tt0171804,86
tt0056193,79
tt0032273,.
tt0039416,.
tt0054997,90
tt0090327,45
tt0120321,76
tt1399683,90
tt4003774,29
tt0305206,90
tt5649144,92
tt4663548,63
tt0381681,90
tt1381404,57
tt0328538,70
tt0408144,.
tt1645089,88
tt0029852,.
tt0415978,76
tt3787590,46
tt3268668,36
tt0290212,45
tt7158430,65
tt1185616,91
tt0367027,64
tt0349159,.
tt0171359,70
tt3172532,87
tt0912593,89
tt0212662,.
tt0925248,84
tt2304963,.
tt2321549,86
tt0418753,64
tt1695994,40
tt0090095,53
tt0495815,.
tt1413229,.
tt0423169,66
tt0118736,.
tt2630916,56
tt1050739,.
tt0338497,36
tt3605418,53
tt1161064,.
tt1763303,55
tt1105512,57
tt0939895,.
tt1129412,.
tt1020530,65
tt2226519,.
tt1754633,.
tt1703199,33
tt2494362,72
tt0363095,55
tt2126362,.
tt0066808,67
tt0959329,.
tt1090671,.
tt0796355,.
tt0018578,.
tt0040525,.
tt2024506,.
tt2980794,40
tt2734210,.
tt2234025,.
tt3220976,.
tt0259497,.
tt0060438,.
tt3499458,9
tt1839425,.
tt1772261,31
tt1236254,.
tt4063178,35
tt4416518,.
tt1462758,65
tt3528666,.
tt0075314,94
tt1155592,89
tt0322659,64
tt3262990,.
tt8248230,.
tt1587396,.
tt2321163,.
tt2268573,27
tt3566698,.
tt1320244,63
tt0074285,85
tt0087800,76
tt2125435,86
tt0057012,97
tt0069768,40
tt0044081,97
tt0061747,62
tt1562568,74
tt0106792,.
tt1242618,.
tt0822858,.
tt1653002,.
tt2645670,.
tt0452999,.
tt1242432,27
tt0247425,86
tt0068408,49
tt3621892,.
tt2349460,39
tt0162360,62
tt1006959,.
tt0045793,85
tt0030993,.
tt0166195,.
tt0041866,.
tt0071360,85
tt1289419,.
tt0476643,61
tt0442764,.
tt0064990,.
tt2140619,45
tt0048259,.
tt4975722,99
tt0498879,.
tt0473308,75
tt0097659,33
tt0092675,29
tt0031679,73
tt7153766,63
tt0113540,63
tt0367089,82
tt0038109,.
tt0109759,71
tt1758795,61
tt0118789,68
tt0087995,75
tt3835080,35
tt0357110,59
tt0261983,58
tt2424480,.
tt1163819,.
tt0027977,96
tt2486682,84
tt0286162,36
tt3110770,50
tt0395543,74
tt3504048,76
tt8043306,.
tt0473107,71
tt2017486,47
tt1212022,.
tt3526286,42
tt3781616,.
tt0029583,95
tt0063592,.
tt3966404,83
tt0374639,62
tt1447793,.
tt0464054,.
tt0028216,.
tt0400202,.
tt0117958,76
tt1103982,66
tt0087130,.
tt0470869,.
tt0317640,41
tt0458480,.
tt2282016,34
tt1975161,.
tt0032976,86
tt0082418,26
tt0037884,.
tt0087015,57
tt2235108,79
tt0046126,.
tt3743042,.
tt0033729,.
tt0387564,46
tt0098724,86
tt0203230,85
tt0044079,88
tt0048750,74
tt0043456,.
tt2051894,.
tt0105236,79
tt0051207,.
tt0073629,58
tt0074225,.
tt1758575,48
tt0084556,.
tt0806147,.
tt0027438,.
tt2479026,.
tt2180333,.
tt1827354,.
tt0065579,.
tt2622294,.
tt1943014,.
tt2528814,16
tt0348333,30
tt0080749,55
tt0416315,54
tt0090967,75
tt0304692,44
tt2723576,57
tt5373234,.
tt0067756,.
tt0923653,.
tt3043194,.
tt1434447,.
tt0075148,70
tt1560985,18
tt0057590,77
tt4836716,.
tt0497116,75
tt1991245,.
tt0082533,68
tt0934825,.
tt0093177,57
tt0384286,39
tt1120985,81
tt0065466,60
tt0049452,.
tt4761916,53
tt0041841,.
tt1866249,79
tt0893382,76
tt1571249,74
tt2396566,83
tt6322922,68
tt0119778,71
tt2910274,76
tt1441326,75
tt0418773,80
tt0978759,82
tt0239986,49
tt0222850,51
tt0489037,70
tt0118113,67
tt0283509,84
tt0139615,.
tt0268200,62
tt6288250,67
tt0194218,77
tt3400342,.
tt0248012,.
tt1235170,67
tt0299458,71
tt2304459,45
tt0119019,.
tt0160498,41
tt2884206,57
tt0357470,33
tt5620366,.
tt0428609,.
tt0282698,58
tt0489247,67
tt1172994,73
tt1907639,.
tt0454431,.
tt5164412,50
tt0120813,.
tt4403432,.
tt0181836,38
tt2994190,54
tt1295909,.
tt0401462,.
tt0487156,.
tt2852376,59
tt4733536,42
tt4590482,.
tt0323120,.
tt1414361,.
tt0425151,.
tt0448090,.
tt2149137,.
tt1838722,.
tt3289362,.
tt2446502,.
tt1604100,.
tt5366082,.
tt2655734,.
tt5022702,67
tt5855930,.
tt3034146,.
tt3406296,.
tt8361028,71
tt8327962,.
tt0825346,.
tt1159209,.
tt0330136,.
tt2768290,.
tt3637834,.
tt2141739,62
tt0047296,91
tt2334649,85
tt4191580,26
tt6257174,69
tt1684628,65
tt2763498,.
tt1769363,43
tt3513086,.
tt0034492,91
tt1996264,55
tt2311428,.
tt0870118,.
tt0295725,26
tt1349478,.
tt0066832,50
tt0108000,.
tt0285869,.
tt3569356,1
tt2822394,.
tt4730120,.
tt0069704,97
tt0815181,68
tt1999192,.
tt1862079,72
tt3518012,77
tt2348492,.
tt0308411,60
tt0453540,.
tt1476251,.
tt5152156,.
tt0997143,.
tt0044706,89
tt0110057,98
tt0436724,74
tt0468489,85
tt0242587,73
tt5990474,89
tt2016335,36
tt0024216,90
tt0045888,.
tt2187884,58
tt2139721,.
tt1510934,.
tt2380301,.
tt0027125,.
tt0185937,81
tt0066580,.
tt0076257,61
tt0243415,28
tt1074931,.
tt1950135,.
tt4333662,67
tt0331225,41
tt3130704,.
tt5274738,.
tt0058182,96
tt1981703,55
tt4374230,.
tt0023196,.
tt0080761,22
tt2402132,.
tt1129423,28
tt0071206,35
tt0076271,.
tt0438205,71
tt0340377,81
tt0492506,73
tt0218043,73
tt0306069,.
tt1976608,77
tt0382489,.
tt0212974,54
tt0341540,.
tt0162830,71
tt0377091,74
tt2265398,71
tt6051948,.
tt4649072,.
tt1470827,63
tt1606829,69
tt1862499,.
tt0104567,53
tt0843850,46
tt5014406,.
tt0377043,.
tt2246526,78
tt2924392,.
tt1937264,.
tt2179027,47
tt1884318,.
tt0455556,.
tt3417110,.
tt2909932,.
tt4355456,.
tt2111292,.
tt3152288,.
tt3126876,.
tt0099675,.
tt1848834,.
tt4062896,.
tt0102989,.
tt1117514,.
tt0120244,.
tt2176228,71
tt0024034,.
tt0100142,77
tt6519016,.
tt0374900,64
tt0071853,93
tt0451176,72
tt1114725,.
tt1560957,.
tt0261755,49
tt0402249,63
tt6020556,.
tt1001390,.
tt0006864,99
tt0019729,.
tt0081114,22
tt0092548,39
tt0436613,87
tt0421237,.
tt4162992,.
tt0050083,96
tt0077651,81
tt0025316,87
tt0161023,75
tt0343121,66
tt0238247,38
tt0311648,70
tt0115856,.
tt1152850,80
tt0165857,.
tt0468526,84
tt0059592,.
tt5225338,63
tt1241226,22
tt2912776,.
tt2704210,.
tt0072856,59
tt1991199,.
tt3512332,.
tt0393049,.
tt8151710,.
tt1328873,.
tt1971352,68
tt0082467,.
tt0118842,71
tt1785302,.
tt1758692,68
tt0113416,.
tt0200530,76
tt0203289,50
tt0401610,.
tt0479112,.
tt0173390,62
tt1263682,.
tt2292959,36
tt0952682,76
tt1997621,.
tt4131188,.
tt2290113,.
tt1270792,.
tt1360826,.
tt1640714,.
tt1071804,.
tt2363439,.
tt0188030,69
tt5171922,.
tt3421204,.
tt3520844,.
tt1637652,.
tt2690560,.
tt4477966,.
tt3210710,.
tt0015624,.
tt1383609,.
tt1781784,82
tt0182508,73
tt5512848,.
tt0045546,.
tt0168192,.
tt0006333,.
tt0117802,71
tt0024548,.
tt0217107,.
tt3844362,65
tt0420723,55
tt1211890,75
tt1301130,43
tt0923600,62
tt0388230,43
tt0438427,46
tt0944101,54
tt0451206,.
tt3509804,.
tt0756683,.
tt3666210,.
tt1714210,81
tt0091939,79
tt1549572,66
tt1934172,.
tt0079062,.
tt1333668,64
tt0279721,.
tt0907657,88
tt0271219,71
tt2780714,62
tt4798386,.
tt2403815,.
tt0098213,70
tt0034587,.
tt2125430,.
tt4607906,.
tt0796314,.
tt0058701,.
tt0063350,89
tt0004972,.
tt0339921,.
tt2309260,30
tt0805526,38
tt0074486,87
tt0093200,74
tt0011549,.
tt0119670,.
tt6265828,84
tt3644012,.
tt3072636,.
tt0301503,.
tt1942884,73
tt3109200,.
tt4338136,.
tt4884912,.
tt0068833,68
tt2319456,.
tt2955096,70
tt0431830,.
tt0138704,72
tt0390521,73
tt3672742,60
tt1861343,.
tt0052646,.
tt2334896,65
tt0112585,73
tt0189541,.
tt1570989,72
tt4462082,79
tt1294142,.
tt0478988,.
tt2294916,.
tt1524083,.
tt0262432,82
tt1798291,71
tt1716760,.
tt1492841,.
tt2469216,.
tt3847958,.
tt3123250,.
tt0109445,70
tt4393036,.
tt0068468,.
tt0119361,81
tt1945044,.
tt3397754,62
tt2759066,.
tt2375036,.
tt0392798,.
tt0425027,.
tt4515364,.
tt1781935,.
tt3973612,.
tt1230136,.
tt1235811,.
tt0844289,.
tt0477285,.
tt0390323,.
tt0481267,.
tt2010510,.
tt0390384,68
tt0430371,.
tt7837402,.
tt0484562,38
tt0371257,41
tt0980970,53
tt0936501,51
tt1396218,53
tt0457419,48
tt0121766,68
tt0455967,41
tt0388482,56
tt0356910,55
tt1027718,59
tt0430779,51
tt0388125,60
tt1336006,57
tt2625810,59
tt1791682,77
tt4062536,79
tt4721124,60
tt4846232,80
tt3859310,50
tt4158096,63
tt5340300,80
tt2034031,63
tt4385888,83
tt2132285,66
tt2101441,63
tt2326612,36
tt2402101,39
tt6040662,62
tt6902696,79
tt0470752,78
tt5691670,60
tt6053438,85
tt5715874,73
tt4827558,77
tt5613484,66
tt4266638,86
tt1727770,31
tt0401420,54
tt0477139,62
tt0374563,24
tt0475937,42
tt1313139,46
tt1166100,.
tt2788716,69
tt2334733,52
tt5742374,84
tt2141751,58
tt1294213,69
tt1763264,26
tt0497972,24
tt1037218,.
tt2980472,24
tt1174730,66
tt5884230,71
tt3480796,17
tt1300851,24
tt2368254,75
tt2062700,54
tt2101383,53
tt3062976,59
tt2891174,76
tt1082807,44
tt4573516,62
tt2720826,35
tt2403021,38
tt4679210,.
tt2057392,73
tt5461944,62
tt1667321,62
tt4669264,69
tt4899370,66
tt6225520,60
tt6108178,74
tt1212428,78
tt5023260,40
tt1596345,65
tt0402894,57
tt0480242,65
tt0465234,48
tt2980706,48
tt0997047,36
tt0435670,36
tt1185416,25
tt0473075,50
tt0962726,57
tt0363771,75
tt0417433,37
tt0772193,35
tt1093908,38
tt0452681,32
tt0396555,61
tt1691917,39
tt0467110,37
tt0453467,59
tt3442006,49
tt2370248,82
tt0780595,24
tt5071886,.
tt0401815,34
tt1858481,66
tt2215395,40
tt0297284,33
tt2488778,58
tt4009278,39
tt5270948,67
tt2390237,52
tt3203528,42
tt4399952,52
tt2317337,.
tt3735246,.
tt1188982,.
tt8108198,.
tt1255951,.
tt4110568,.
tt0806088,.
tt1144804,.
tt2140465,.
tt5859238,80
tt6971752,.
tt1891757,.
tt2172071,.
tt4559046,.
tt2309764,.
tt0991346,.
tt1395025,.
tt5197544,.
tt0488414,.
tt3679060,.
tt5474036,.
tt3678782,.
tt2806788,.
tt1921149,50
tt2639254,51
tt2758904,22
tt2172584,67
tt2091935,52
tt1591095,52
tt1270761,56
tt6277440,.
tt3595298,.
tt6988116,.
tt2905838,.
tt4169250,.
tt3142688,.
tt6843812,.
tt7255568,.
tt4559006,40
tt5286444,.
tt6452574,.
tt3754940,81
tt2261287,48
tt4853102,.
tt0473488,67
tt0455326,54
tt0401711,66
tt1151359,58
tt0421238,73
tt8695030,53
tt4572792,31
tt0970468,63
tt2261331,62
tt0400525,62
tt0427969,62
tt1817273,68
tt0393109,72
tt0810819,66
tt2170299,57
tt0796368,69
tt1234654,76
tt0116684,.
tt0382189,82
tt1229822,76
tt1226753,65
tt2639336,54
tt2218003,50
tt5649108,75
tt4731136,47
tt2446042,26
tt2799166,24
tt2802144,60
tt2226597,48
tt1083452,54
tt1502712,27
tt1172049,49
tt3387266,65
tt2837574,80
tt0433416,82
tt0267891,46
tt2872462,75
tt0427944,71
tt0838221,67
tt1022603,76
tt2273657,50
tt0975645,55
tt0240200,77
tt2056771,74
tt1781058,49
tt0145503,71
tt5977276,43
tt0427968,43
tt0808331,69
tt1606392,75
tt1412386,62
tt2112096,59
tt1710417,49
tt0790804,25
tt5669936,.
tt2784512,44
tt0429573,38
tt4669296,48
tt5666304,69
tt0485601,81
tt4799066,38
tt1289406,55
tt1183374,48
tt1071812,55
tt2511428,37
tt1082853,50
tt0841044,67
tt0275230,44
tt6980546,.
tt1407084,22
tt0352994,65
tt0454776,65
tt1226774,83
tt4686844,88
tt3463106,57
tt2944198,62
tt1067765,61
tt0989000,64
tt3577624,60
tt1183665,54
tt4714782,77
tt3297330,63
tt0787524,56
tt4977530,53
tt1487118,42
tt1320239,46
tt5195412,62
tt0420293,67
tt1853643,36
tt3208026,65
tt2674430,53
tt7026672,52
tt1433811,64
tt2626350,45
tt1666185,38
tt7242142,77
tt4382872,25
tt2490326,49
tt1767372,45
tt0376479,43
tt3797868,26
tt1121931,41
tt0475355,55
tt2378507,56
tt0443473,23
tt2235779,41
tt0470705,62
tt1853739,66
tt0435625,71
tt0433362,57
tt1213012,36
tt0800003,17
tt6018306,65
tt1477076,24
tt0424136,58
tt1389096,41
tt0492044,33
tt0308353,28
tt1259521,72
tt5670152,37
tt0870211,65
tt0375679,66
tt0450278,55
tt0361693,57
tt0426615,31
tt1521848,68
tt0433387,56
tt0800027,51
tt0780571,45
tt0423977,54
tt5208252,58
tt0432402,45
tt0489237,46
tt1932767,74
tt4383594,11
tt4126438,63
tt1935902,43
tt3824458,86
tt1103275,74
tt2870808,57
tt0343996,47
tt0454792,63
tt2393845,30
tt5886440,63
tt1783732,53
tt1641841,39
tt1133993,36
tt1278449,72
tt5989218,21
tt1247690,36
tt0462338,70
tt0468565,70
tt1045670,84
tt0858479,57
tt0427470,73
tt0488120,68
tt0433400,47
tt0091875,49
tt0768212,59
tt0419984,41
tt4334266,62
tt5962210,71
tt2883512,68
tt1850397,24
tt2097307,50
tt1767382,49
tt3774114,58
tt1601913,64
tt5655222,61
tt3203620,57
tt6212478,68
tt1210042,43
tt1046947,57
tt0862846,61
tt0408236,83
tt0408839,46
tt0815245,43
tt0477051,27
tt1130988,64
tt8291224,.
tt4943322,26
tt0462200,52
tt1034303,58
tt0795351,25
tt0757361,66
tt1251757,60
tt1179904,68
tt0408524,65
tt1020072,81
tt4530422,60
tt1967545,52
tt3179568,38
tt0110684,86
tt0491175,42
tt0416044,74
tt0404802,64
tt0494834,39
tt5607096,67
tt1164999,58
tt0482463,47
tt4291600,76
tt4258698,74
tt0460890,33
tt0460791,64
tt0968264,55
tt3068194,87
tt0903657,80
tt3168230,67
tt1935179,76
tt1720616,55
tt1368440,20
tt1285309,55
tt1247662,47
tt5628302,74
tt2515030,56
tt3235888,83
tt1528071,46
tt0830570,.
tt4934950,.
tt4814290,.
tt1806913,.
tt2883434,45
tt2388715,61
tt2339741,42
tt1506999,67
tt1333125,18
tt3173910,.
tt2356180,.
tt7212726,.
tt1729637,41
tt0315642,.
tt7485048,.
tt5946128,.
tt0456020,37
tt0342258,58
tt0424823,38
tt0383222,18
tt4160708,71
tt0452702,54
tt0110889,.
tt0834001,44
tt0486578,41
tt7668870,71
tt2624412,52
tt2097331,67
tt5304464,72
tt5164184,59
tt0375912,73
tt1194263,77
tt4326444,73
tt0411195,59
tt4048272,93
tt3859304,44
tt3316960,72
tt2870756,54
tt1023441,56
tt1969062,64
tt0419294,77
tt0824758,76
tt0364955,54
tt0790770,64
tt0384504,65
tt1490785,47
tt3715320,53
tt6217608,92
tt3721964,46
tt3072482,51
tt1987680,46
tt1661275,76
tt5789976,47
tt4005402,33
tt0865554,20
tt0349467,43
tt0457433,31
tt0422774,36
tt0355702,56
tt0080923,69
tt0411061,17
tt1071875,34
tt0113755,.
tt0897361,16
tt0395495,43
tt0838232,36
tt0139151,.
tt7074886,61
tt6905696,39
tt1530983,62
tt1146325,.
tt0887912,95
tt0804516,37
tt4972062,83
tt4437216,64
tt4104022,68
tt3774466,46
tt0803057,51
tt0370986,73
tt1321511,49
tt0292963,84
tt0097790,36
tt0369994,57
tt0444653,53
tt3416742,76
tt6348138,68
tt4864932,.
tt4535650,.
tt4129428,.
tt3859980,39
tt3554418,.
tt3390572,.
tt3148502,.
tt2344678,.
tt0449994,69
tt2112124,45
tt1934231,66
tt1734110,.
tt1375789,.
tt0475394,45
tt4972582,62
tt4682788,42
tt0409847,50
tt3713166,59
tt1084972,.
tt0343737,61
tt0113537,75
tt0396752,59
tt0395251,52
tt0387514,58
tt0384793,47
tt0426883,53
tt8085790,49
tt8079248,55
tt6921996,39
tt6911608,60
tt6772950,35
tt0082801,47
tt0089469,30
tt0417217,50
tt2616810,83
tt2397535,69
tt2012011,34
tt2395469,65
tt7721800,.
tt0808399,49
tt0403702,63
tt0795461,11
tt0416449,52
tt0477302,46
tt4468740,88
tt0469263,55
tt1017460,66
tt2366608,42
tt0093793,61
tt0450345,36
tt0956038,39
tt1951261,30
tt0434409,62
tt0486583,42
tt1308729,48
tt3065204,65
tt2452244,60
tt0821640,34
tt0494238,.
tt4443658,67
tt0119167,69
tt0375920,44
tt1172991,69
tt0407265,66
tt1092634,36
tt1007029,54
tt0368794,73
tt2070776,58
tt2058107,59
tt1980929,62
tt1951181,77
tt1800302,49
tt0844993,20
tt1686821,31
tt6173990,.
tt0110678,.
tt1266029,67
tt1786751,30
tt0432289,58
tt5108476,.
tt0375611,.
tt1182937,.
tt3767372,.
tt3495026,.
tt1740710,.
tt7431594,.
tt6836936,.
tt6588966,.
tt6527426,.
tt5997666,.
tt5970844,.
tt5956100,.
tt5882970,.
tt3405236,.
